Emotion,Labels,ID_NO,,,,,,,,,,,,,,,,,,,,
Ambiguous,Clarify Event,6019,,,,,,,,,,,,,,,,,,,,
Ambiguous,Clarify Event,,,,,,,,,,,,,,,,,,,,,
Ambiguous,Clarify Event,6004,,,,,,,,,,,,,,,,,,,,
Ambiguous,Clarify Event,6129,,,,,,,,,,,,,,,,,,,,
Ambiguous,Clarify Event,tester,,,,,,,,,,,,,,,,,,,,
Ambiguous,Clarify Event,6066,,,,,,,,,,,,,,,,,,,,
Ambiguous,Clarify Event,6078,,,,,,,,,,,,,,,,,,,,
Ambiguous,Clarify Event,6070,,,,,,,,,,,,,,,,,,,,
Ambiguous,Clarify Event,tester,,,,,,,,,,,,,,,,,,,,
Ambiguous,Clarify Event,6050,,,,,,,,,,,,,,,,,,,,
Ambiguous,Clarify Event,6119,,,,,,,,,,,,,,,,,,,,
Ambiguous,Clarify Event,tester,,,,,,,,,,,,,,,,,,,,
Ambiguous,Clarify Event,6026,,,,,,,,,,,,,,,,,,,,
Ambiguous,Clarify Event,tester,,,,,,,,,,,,,,,,,,,,
Ambiguous,Clarify Event,6011,,,,,,,,,,,,,,,,,,,,
Ambiguous,Clarify Event,6122,,,,,,,,,,,,,,,,,,,,
Ambiguous,Clarify Event,6092,,,,,,,,,,,,,,,,,,,,
Ambiguous,Clarify Event,6177,,,,,,,,,,,,,,,,,,,,
Ambiguous,Clarify Event,tester,,,,,,,,,,,,,,,,,,,,
Ambiguous,Clarify Event,6059,,,,,,,,,,,,,,,,,,,,
Ambiguous,Clarify Event,6049,,,,,,,,,,,,,,,,,,,,
Ambiguous,Clarify Event,6078,,,,,,,,,,,,,,,,,,,,
Ambiguous,Clarify Event,,,,,,,,,,,,,,,,,,,,,
Ambiguous,Clarify Event,6025,,,,,,,,,,,,,,,,,,,,
Ambiguous,Clarify Event,6086,,,,,,,,,,,,,,,,,,,,
Ambiguous,Clarify Event,6123,,,,,,,,,,,,,,,,,,,,
Ambiguous,Clarify Event,6003,,,,,,,,,,,,,,,,,,,,
Ambiguous,Clarify Event,6025,,,,,,,,,,,,,,,,,,,,
Ambiguous,Clarify Event,6063,,,,,,,,,,,,,,,,,,,,
Ambiguous,Clarify Event,6001,,,,,,,,,,,,,,,,,,,,
Ambiguous,Clarify Event,6092,,,,,,,,,,,,,,,,,,,,
Ambiguous,Clarify Event,6114,,,,,,,,,,,,,,,,,,,,
Ambiguous,Clarify Event,6092,,,,,,,,,,,,,,,,,,,,
Ambiguous,Clarify Event,6124,,,,,,,,,,,,,,,,,,,,
Ambiguous,Clarify Event,6001,,,,,,,,,,,,,,,,,,,,
Ambiguous,Clarify Event,6063,,,,,,,,,,,,,,,,,,,,
Ambiguous,Clarify Event,tester,,,,,,,,,,,,,,,,,,,,
Ambiguous,Clarify Event,6052,,,,,,,,,,,,,,,,,,,,
Ambiguous,Clarify Event,6014,,,,,,,,,,,,,,,,,,,,
Ambiguous,Clarify Event,tester,,,,,,,,,,,,,,,,,,,,
Ambiguous,Clarify Event,6086,,,,,,,,,,,,,,,,,,,,
Ambiguous,Clarify Event,6122,,,,,,,,,,,,,,,,,,,,
Ambiguous,Clarify Feelings,6083,,,,,,,,,,,,,,,,,,,,
Ambiguous,Clarify Feelings,6037,,,,,,,,,,,,,,,,,,,,
Ambiguous,Clarify Feelings,tester,,,,,,,,,,,,,,,,,,,,
Ambiguous,Clarify Feelings,6009,,,,,,,,,,,,,,,,,,,,
Ambiguous,Clarify Feelings,6045,,,,,,,,,,,,,,,,,,,,
Ambiguous,Clarify Feelings,6018,,,,,,,,,,,,,,,,,,,,
Ambiguous,Clarify Feelings,6028,,,,,,,,,,,,,,,,,,,,
Ambiguous,Clarify Feelings,6044,,,,,,,,,,,,,,,,,,,,
Ambiguous,Clarify Feelings,6031,,,,,,,,,,,,,,,,,,,,
Ambiguous,Clarify Feelings,6011,,,,,,,,,,,,,,,,,,,,
Ambiguous,Clarify Feelings,6025,,,,,,,,,,,,,,,,,,,,
Ambiguous,Clarify Feelings,6083,,,,,,,,,,,,,,,,,,,,
Ambiguous,Clarify Feelings,6033,,,,,,,,,,,,,,,,,,,,
Ambiguous,Clarify Feelings,6072,,,,,,,,,,,,,,,,,,,,
Ambiguous,Clarify Feelings,6002,,,,,,,,,,,,,,,,,,,,
Ambiguous,Clarify Feelings,6133,,,,,,,,,,,,,,,,,,,,
Ambiguous,Clarify Feelings,6096,,,,,,,,,,,,,,,,,,,,
Ambiguous,Clarify Feelings,,,,,,,,,,,,,,,,,,,,,
Ambiguous,Clarify Feelings,6070,,,,,,,,,,,,,,,,,,,,
Ambiguous,Clarify Feelings,,,,,,,,,,,,,,,,,,,,,
Ambiguous,Clarify Feelings,6013,,,,,,,,,,,,,,,,,,,,
Ambiguous,Clarify Person,6016,,,,,,,,,,,,,,,,,,,,
Ambiguous,Clarify Person,6110,,,,,,,,,,,,,,,,,,,,
Ambiguous,Clarify Person,6096,,,,,,,,,,,,,,,,,,,,
Ambiguous,Clarify Person,6061,,,,,,,,,,,,,,,,,,,,
Ambiguous,Clarify Person,6110,,,,,,,,,,,,,,,,,,,,
Ambiguous,Clarify Person,6091,,,,,,,,,,,,,,,,,,,,
Ambiguous,Clarify Person,6138,,,,,,,,,,,,,,,,,,,,
Ambiguous,Clarify Person,6052,,,,,,,,,,,,,,,,,,,,
Ambiguous,Clarify Person,6110,,,,,,,,,,,,,,,,,,,,
Ambiguous,Clarify Person,6115,,,,,,,,,,,,,,,,,,,,
Ambiguous,Clarify Person,6061,,,,,,,,,,,,,,,,,,,,
Ambiguous,Clarify Person,,,,,,,,,,,,,,,,,,,,,
Ambiguous,Clarify Person,6096,,,,,,,,,,,,,,,,,,,,
Ambiguous,Clarify Person,6131,,,,,,,,,,,,,,,,,,,,
Ambiguous,Clarify Person,6052,,,,,,,,,,,,,,,,,,,,
Ambiguous,Clarify Person,6083,,,,,,,,,,,,,,,,,,,,
Ambiguous,Clarify Person,6008,,,,,,,,,,,,,,,,,,,,
Ambiguous,Clarify Person,6063,,,,,,,,,,,,,,,,,,,,
Negative,house chores+unproductive,6136,,,,,,,,,,,,,,,,,,,,
Negative,house chores+unproductive,6099,,,,,,,,,,,,,,,,,,,,
Negative,house chores+unproductive,6049,,,,,,,,,,,,,,,,,,,,
Negative,,,,,,,,,,,,,,,,,,,,,,
Negative,from others,Tester,,,,,,,,,,,,,,,,,,,,
Negative,from others,6059,,,,,,,,,,,,,,,,,,,,
Negative,from others,6107,,,,,,,,,,,,,,,,,,,,
Negative,from others,6110,,,,,,,,,,,,,,,,,,,,
Negative,from others,6098,,,,,,,,,,,,,,,,,,,,
Negative,from others,,,,,,,,,,,,,,,,,,,,,
Negative,from others,,,,,,,,,,,,,,,,,,,,,
Negative,from others,Tester,,,,,,,,,,,,,,,,,,,,
Negative,from others,6107,,,,,,,,,,,,,,,,,,,,
Negative,from others,6107,,,,,,,,,,,,,,,,,,,,
Negative,from others,6019,,,,,,,,,,,,,,,,,,,,
Negative,from others,6025,,,,,,,,,,,,,,,,,,,,
Negative,from others,6007,,,,,,,,,,,,,,,,,,,,
Negative,from others,6025,,,,,,,,,,,,,,,,,,,,
Negative,from others,6025,,,,,,,,,,,,,,,,,,,,
Negative,from others,6017,,,,,,,,,,,,,,,,,,,,
Negative,from others,6031,,,,,,,,,,,,,,,,,,,,
Negative,from others,6027,,,,,,,,,,,,,,,,,,,,
Negative,from others,6025,,,,,,,,,,,,,,,,,,,,
Negative,from others,Tester,,,,,,,,,,,,,,,,,,,,
Negative,from others,6021,,,,,,,,,,,,,,,,,,,,
Negative,from others,6027,,,,,,,,,,,,,,,,,,,,
Negative,from others,6005,,,,,,,,,,,,,,,,,,,,
Negative,from others,6036,,,,,,,,,,,,,,,,,,,,
Negative,from others,,,,,,,,,,,,,,,,,,,,,
Negative,from others,6014,,,,,,,,,,,,,,,,,,,,
Negative,covid,,,,,,,,,,,,,,,,,,,,,
Negative,covid,6123,,,,,,,,,,,,,,,,,,,,
Negative,covid,6007,,,,,,,,,,,,,,,,,,,,
Negative,covid,6069,,,,,,,,,,,,,,,,,,,,
Negative,covid,Tester,,,,,,,,,,,,,,,,,,,,
Negative,covid,Tester,,,,,,,,,,,,,,,,,,,,
Negative,covid,6075,,,,,,,,,,,,,,,,,,,,
Negative,covid,6030,,,,,,,,,,,,,,,,,,,,
Negative,covid,6133,,,,,,,,,,,,,,,,,,,,
Negative,covid,6083,,,,,,,,,,,,,,,,,,,,
Negative,covid,6066,,,,,,,,,,,,,,,,,,,,
Negative,death,6074,,,,,,,,,,,,,,,,,,,,
Negative,death,6011,,,,,,,,,,,,,,,,,,,,
Negative,death,6059,,,,,,,,,,,,,,,,,,,,
Negative,,,,,,,,,,,,,,,,,,,,,,
Negative,other's health,6132,,,,,,,,,,,,,,,,,,,,
Negative,other's health,6034,,,,,,,,,,,,,,,,,,,,
Negative,other's health,Tester,,,,,,,,,,,,,,,,,,,,
Negative,other's health,6114,,,,,,,,,,,,,,,,,,,,
Negative,other's health,Tester,,,,,,,,,,,,,,,,,,,,
Negative,other's health,6005,,,,,,,,,,,,,,,,,,,,
Negative,other's health,6065,,,,,,,,,,,,,,,,,,,,
Negative,other's health,6072,,,,,,,,,,,,,,,,,,,,
Negative,other's health,Tester,,,,,,,,,,,,,,,,,,,,
Negative,other's health,6005,,,,,,,,,,,,,,,,,,,,
Negative,other's health,Tester,,,,,,,,,,,,,,,,,,,,
Negative,other's health,6016,,,,,,,,,,,,,,,,,,,,
Negative,other's health,Tester,,,,,,,,,,,,,,,,,,,,
Negative,other's health,6052,,,,,,,,,,,,,,,,,,,,
Negative,other's health,6005,,,,,,,,,,,,,,,,,,,,
Negative,other's health,Tester,,,,,,,,,,,,,,,,,,,,
Negative,other's health,Tester,,,,,,,,,,,,,,,,,,,,
Negative,other's health,6027,,,,,,,,,,,,,,,,,,,,
Negative,other's health,6005,,,,,,,,,,,,,,,,,,,,
Negative,other's health,Tester,,,,,,,,,,,,,,,,,,,,
Negative,other's health,6138,,,,,,,,,,,,,,,,,,,,
Negative,other's health,Tester,,,,,,,,,,,,,,,,,,,,
Negative,other's health,6018,,,,,,,,,,,,,,,,,,,,
Negative,other's health,tester,,,,,,,,,,,,,,,,,,,,
Negative,other's health,Tester,,,,,,,,,,,,,,,,,,,,
Negative,other's health,Tester,,,,,,,,,,,,,,,,,,,,
Negative,other's health,6017,,,,,,,,,,,,,,,,,,,,
Negative,other's health,Tester,,,,,,,,,,,,,,,,,,,,
Negative,,,,,,,,,,,,,,,,,,,,,,
Negative,house chores+stressed,6121,,,,,,,,,,,,,,,,,,,,
Negative,house chores+stressed,6078,,,,,,,,,,,,,,,,,,,,
Negative,house chores+stressed,6078,,,,,,,,,,,,,,,,,,,,
Negative,house chores+stressed,6121,,,,,,,,,,,,,,,,,,,,
Negative,house chores+stressed,6105,,,,,,,,,,,,,,,,,,,,
Negative,house chores+stressed,6099,,,,,,,,,,,,,,,,,,,,
Negative,house chores+stressed,Tester,,,,,,,,,,,,,,,,,,,,
Negative,house chores+stressed,6105,,,,,,,,,,,,,,,,,,,,
Negative,house chores+stressed,6064,,,,,,,,,,,,,,,,,,,,
Negative,house chores+stressed,6034,,,,,,,,,,,,,,,,,,,,
Negative,house chores+stressed,6116,,,,,,,,,,,,,,,,,,,,
Negative,house chores+stressed,6068,,,,,,,,,,,,,,,,,,,,
Negative,kids + not enough time,6099,,,,,,,,,,,,,,,,,,,,
Negative,kids + not enough time,6001,,,,,,,,,,,,,,,,,,,,
Negative,kids + not enough time,6053,,,,,,,,,,,,,,,,,,,,
Negative,kids + not enough time,,,,,,,,,,,,,,,,,,,,,
Negative,kids + not enough time,6041,,,,,,,,,,,,,,,,,,,,
Negative,kids + not enough time,6020,,,,,,,,,,,,,,,,,,,,
Negative,kids + not enough time,6078,,,,,,,,,,,,,,,,,,,,
Negative,kids + not enough time,6005,,,,,,,,,,,,,,,,,,,,
Negative,kids + not enough time,6104,,,,,,,,,,,,,,,,,,,,
Negative,kids + not enough time,6034,,,,,,,,,,,,,,,,,,,,
Negative,kids + not enough time,6014,,,,,,,,,,,,,,,,,,,,
Negative,kids + not enough time,6020,,,,,,,,,,,,,,,,,,,,
Negative,kids+difficult behavior,6047,,,,,,,,,,,,,,,,,,,,
Negative,kids+difficult behavior,6090,,,,,,,,,,,,,,,,,,,,
Negative,kids+difficult behavior,6066,,,,,,,,,,,,,,,,,,,,
Negative,kids+difficult behavior,6090,,,,,,,,,,,,,,,,,,,,
Negative,kids+difficult behavior,6082,,,,,,,,,,,,,,,,,,,,
Negative,kids+difficult behavior,6005,,,,,,,,,,,,,,,,,,,,
Negative,kids+difficult behavior,Tester,,,,,,,,,,,,,,,,,,,,
Negative,kids+difficult behavior,6011,,,,,,,,,,,,,,,,,,,,
Negative,kids+difficult behavior,6006,,,,,,,,,,,,,,,,,,,,
Negative,kids+difficult behavior,6091,,,,,,,,,,,,,,,,,,,,
Negative,kids+difficult behavior,6004,,,,,,,,,,,,,,,,,,,,
Negative,kids+difficult behavior,6026,,,,,,,,,,,,,,,,,,,,
Negative,kids+difficult behavior,6007,,,,,,,,,,,,,,,,,,,,
Negative,kids+difficult behavior,6063,,,,,,,,,,,,,,,,,,,,
Negative,kids+difficult behavior,6090,,,,,,,,,,,,,,,,,,,,
Negative,kids+difficult behavior,6044,,,,,,,,,,,,,,,,,,,,
Negative,kids+difficult behavior,6074,,,,,,,,,,,,,,,,,,,,
Negative,kids+difficult behavior,6012,,,,,,,,,,,,,,,,,,,,
Negative,kids+difficult behavior,6095,,,,,,,,,,,,,,,,,,,,
Negative,kids+difficult behavior,6107,,,,,,,,,,,,,,,,,,,,
Negative,kids+difficult behavior,6031,,,,,,,,,,,,,,,,,,,,
Negative,kids+difficult behavior,6012,,,,,,,,,,,,,,,,,,,,
Negative,kids+difficult behavior,6074,,,,,,,,,,,,,,,,,,,,
Negative,kids+difficult behavior,6107,,,,,,,,,,,,,,,,,,,,
Negative,kids+difficult behavior,6091,,,,,,,,,,,,,,,,,,,,
Negative,kids+difficult behavior,6016,,,,,,,,,,,,,,,,,,,,
Negative,kids+difficult behavior,6045,,,,,,,,,,,,,,,,,,,,
Negative,kids+difficult behavior,6016,,,,,,,,,,,,,,,,,,,,
Negative,kids+difficult behavior,6012,,,,,,,,,,,,,,,,,,,,
Negative,kids+difficult behavior,6004,,,,,,,,,,,,,,,,,,,,
Negative,kids+difficult behavior,6070,,,,,,,,,,,,,,,,,,,,
Negative,kids+difficult behavior,6017,,,,,,,,,,,,,,,,,,,,
Negative,kids+difficult behavior+tantrums,6027,,,,,,,,,,,,,,,,,,,,
Negative,kids+difficult behavior+tantrums,6052,,,,,,,,,,,,,,,,,,,,
Negative,kids+difficult behavior+tantrums,6024,,,,,,,,,,,,,,,,,,,,
Negative,kids+difficult behavior+tantrums,6092,,,,,,,,,,,,,,,,,,,,
Negative,kids+difficult behavior+tantrums,6009,,,,,,,,,,,,,,,,,,,,
Negative,kids+difficult behavior+tantrums,6128,,,,,,,,,,,,,,,,,,,,
Negative,kids+difficult behavior+tantrums,6045,,,,,,,,,,,,,,,,,,,,
Negative,kids+difficult behavior+tantrums,6045,,,,,,,,,,,,,,,,,,,,
Negative,kids+difficult behavior+tantrums,6033,,,,,,,,,,,,,,,,,,,,
Negative,kids+difficult behavior+tantrums,6056,,,,,,,,,,,,,,,,,,,,
Negative,kids+difficult behavior+tantrums,6043,,,,,,,,,,,,,,,,,,,,
Negative,kids+difficult behavior+tantrums,6027,,,,,,,,,,,,,,,,,,,,
Negative,kids+difficult behavior+tantrums,6012,,,,,,,,,,,,,,,,,,,,
Negative,kids+difficult behavior+tantrums,6027,,,,,,,,,,,,,,,,,,,,
Negative,kids+difficult behavior+tantrums,6051,,,,,,,,,,,,,,,,,,,,
Negative,kids+difficult behavior+tantrums,6009,,,,,,,,,,,,,,,,,,,,
Negative,kids+difficult behavior+tantrums,6024,,,,,,,,,,,,,,,,,,,,
Negative,kids+difficult behavior+tantrums,6009,,,,,,,,,,,,,,,,,,,,
Negative,kids+difficult behavior+tantrums,6009,,,,,,,,,,,,,,,,,,,,
Negative,kids+difficult behavior+tantrums,6081,,,,,,,,,,,,,,,,,,,,
Negative,kids+difficult behavior+tantrums,6004,,,,,,,,,,,,,,,,,,,,
Negative,kids+difficult behavior+tantrums,6012,,,,,,,,,,,,,,,,,,,,
Negative,kids+difficult behavior+tantrums,6118,,,,,,,,,,,,,,,,,,,,
Negative,kids+difficult behavior+tantrums,6104,,,,,,,,,,,,,,,,,,,,
Negative,kids+difficult behavior+tantrums,6027,,,,,,,,,,,,,,,,,,,,
Negative,kids+difficult behavior+tantrums,6012,,,,,,,,,,,,,,,,,,,,
Negative,kids+difficult behavior+tantrums,6015,,,,,,,,,,,,,,,,,,,,
Negative,kids+difficult behavior+tantrums,6017,,,,,,,,,,,,,,,,,,,,
Negative,kids+difficult behavior+tantrums,6129,,,,,,,,,,,,,,,,,,,,
Negative,kids+difficult behavior+tantrums,6045,,,,,,,,,,,,,,,,,,,,
Negative,kids+difficult behavior+tantrums,6051,,,,,,,,,,,,,,,,,,,,
Negative,kids+difficult behavior+tantrums,6104,,,,,,,,,,,,,,,,,,,,
Negative,kids+health,6125,,,,,,,,,,,,,,,,,,,,
Negative,kids+health,6125,,,,,,,,,,,,,,,,,,,,
Negative,kids+health,6125,,,,,,,,,,,,,,,,,,,,
Negative,kids+health,6125,,,,,,,,,,,,,,,,,,,,
Negative,kids+health,6024,,,,,,,,,,,,,,,,,,,,
Negative,kids+health,6125,,,,,,,,,,,,,,,,,,,,
Negative,kids+health,6049,,,,,,,,,,,,,,,,,,,,
Negative,kids+health,6125,,,,,,,,,,,,,,,,,,,,
Negative,kids+health,6056,,,,,,,,,,,,,,,,,,,,
Negative,caregiving challenges,6015,,,,,,,,,,,,,,,,,,,,
Negative,caregiving challenges,6024,,,,,,,,,,,,,,,,,,,,
Negative,caregiving challenges,6015,,,,,,,,,,,,,,,,,,,,
Negative,caregiving challenges,6090,,,,,,,,,,,,,,,,,,,,
Negative,caregiving challenges,6082,,,,,,,,,,,,,,,,,,,,
Negative,caregiving challenges,6070,,,,,,,,,,,,,,,,,,,,
Negative,caregiving challenges,6023,,,,,,,,,,,,,,,,,,,,
Negative,caregiving challenges,6012,,,,,,,,,,,,,,,,,,,,
Negative,caregiving challenges,6098,,,,,,,,,,,,,,,,,,,,
Negative,caregiving challenges,6043,,,,,,,,,,,,,,,,,,,,
Negative,caregiving challenges,6013,,,,,,,,,,,,,,,,,,,,
Negative,caregiving challenges,6069,,,,,,,,,,,,,,,,,,,,
Negative,caregiving challenges,6015,,,,,,,,,,,,,,,,,,,,
Negative,caregiving challenges,6096,,,,,,,,,,,,,,,,,,,,
Negative,caregiving challenges,6107,,,,,,,,,,,,,,,,,,,,
Negative,caregiving challenges,6084,,,,,,,,,,,,,,,,,,,,
Negative,caregiving challenges,6127,,,,,,,,,,,,,,,,,,,,
Negative,caregiving challenges,028,,,,,,,,,,,,,,,,,,,,
Negative,caregiving challenges,6018,,,,,,,,,,,,,,,,,,,,
Negative,caregiving challenges,6064,,,,,,,,,,,,,,,,,,,,
Negative,caregiving challenges,6068,,,,,,,,,,,,,,,,,,,,
Negative,caregiving challenges,6045,,,,,,,,,,,,,,,,,,,,
Negative,caregiving challenges,6070,,,,,,,,,,,,,,,,,,,,
Negative,caregiving challenges,6138,,,,,,,,,,,,,,,,,,,,
Negative,caregiving challenges,6075,,,,,,,,,,,,,,,,,,,,
Negative,caregiving challenges,6042,,,,,,,,,,,,,,,,,,,,
Negative,caregiving challenges,6117,,,,,,,,,,,,,,,,,,,,
Negative,caregiving challenges,6073,,,,,,,,,,,,,,,,,,,,
Negative,caregiving challenges,6007,,,,,,,,,,,,,,,,,,,,
Negative,caregiving challenges,6005,,,,,,,,,,,,,,,,,,,,
Negative,caregiving challenges,Tester,,,,,,,,,,,,,,,,,,,,
Negative,caregiving challenges,6007,,,,,,,,,,,,,,,,,,,,
Negative,caregiving challenges,6015,,,,,,,,,,,,,,,,,,,,
Negative,caregiving challenges,6023,,,,,,,,,,,,,,,,,,,,
Negative,caregiving challenges,6070,,,,,,,,,,,,,,,,,,,,
Negative,caregiving challenges,6090,,,,,,,,,,,,,,,,,,,,
Negative,caregiving challenges,6043,,,,,,,,,,,,,,,,,,,,
Negative,caregiving challenges,6084,,,,,,,,,,,,,,,,,,,,
Negative,caregiving challenges,6041,,,,,,,,,,,,,,,,,,,,
Negative,caregiving challenges,6096,,,,,,,,,,,,,,,,,,,,
Negative,caregiving challenges,6084,,,,,,,,,,,,,,,,,,,,
Negative,caregiving challenges,6001,,,,,,,,,,,,,,,,,,,,
Negative,caregiving challenges,6095,,,,,,,,,,,,,,,,,,,,
Negative,caregiving challenges,6005,,,,,,,,,,,,,,,,,,,,
Negative,caregiving challenges,6007,,,,,,,,,,,,,,,,,,,,
Negative,caregiving challenges,6002,,,,,,,,,,,,,,,,,,,,
Negative,caregiving challenges,6033,,,,,,,,,,,,,,,,,,,,
Negative,caregiving challenges,6110,,,,,,,,,,,,,,,,,,,,
Negative,caregiving challenges,6029,,,,,,,,,,,,,,,,,,,,
Negative,caregiving challenges,6082,,,,,,,,,,,,,,,,,,,,
Negative,caregiving challenges,6118,,,,,,,,,,,,,,,,,,,,
Negative,caregiving challenges,6031,,,,,,,,,,,,,,,,,,,,
Negative,caregiving challenges,6084,,,,,,,,,,,,,,,,,,,,
Negative,caregiving challenges,6023,,,,,,,,,,,,,,,,,,,,
Negative,caregiving challenges,6041,,,,,,,,,,,,,,,,,,,,
Negative,caregiving challenges,6027,,,,,,,,,,,,,,,,,,,,
Negative,caregiving challenges,6009,,,,,,,,,,,,,,,,,,,,
Negative,caregiving challenges,6114,,,,,,,,,,,,,,,,,,,,
Negative,caregiving challenges,6066,,,,,,,,,,,,,,,,,,,,
Negative,caregiving challenges,6009,,,,,,,,,,,,,,,,,,,,
Negative,caregiving challenges,6128,,,,,,,,,,,,,,,,,,,,
Negative,caregiving challenges,6042,,,,,,,,,,,,,,,,,,,,
Negative,caregiving challenges,6017,,,,,,,,,,,,,,,,,,,,
Negative,caregiving challenges,6045,,,,,,,,,,,,,,,,,,,,
Negative,own health+not feeling well,6026,,,,,,,,,,,,,,,,,,,,
Negative,own health+not feeling well,6103,,,,,,,,,,,,,,,,,,,,
Negative,own health+not feeling well,Tester,,,,,,,,,,,,,,,,,,,,
Negative,own health+not feeling well,Tester,,,,,,,,,,,,,,,,,,,,
Negative,own health+not feeling well,6066,,,,,,,,,,,,,,,,,,,,
Negative,own health+not feeling well,6125,,,,,,,,,,,,,,,,,,,,
Negative,own health+not feeling well,6015,,,,,,,,,,,,,,,,,,,,
Negative,own health+not feeling well,6144,,,,,,,,,,,,,,,,,,,,
Negative,own health+not feeling well,6013,,,,,,,,,,,,,,,,,,,,
Negative,own health+not feeling well,6138,,,,,,,,,,,,,,,,,,,,
Negative,own health+not feeling well,6128,,,,,,,,,,,,,,,,,,,,
Negative,own health+not feeling well,6131,,,,,,,,,,,,,,,,,,,,
Negative,own health+not feeling well,6099,,,,,,,,,,,,,,,,,,,,
Negative,own health+not feeling well,6020,,,,,,,,,,,,,,,,,,,,
Negative,own health+not feeling well,Tester,,,,,,,,,,,,,,,,,,,,
Negative,own health+not feeling well,Tester,,,,,,,,,,,,,,,,,,,,
Negative,own health+not feeling well,6083,,,,,,,,,,,,,,,,,,,,
Negative,own health+not feeling well,6056,,,,,,,,,,,,,,,,,,,,
Negative,own health+not feeling well,6131,,,,,,,,,,,,,,,,,,,,
Negative,own health+not feeling well,6117,,,,,,,,,,,,,,,,,,,,
Negative,own health+not feeling well,6020,,,,,,,,,,,,,,,,,,,,
Negative,own health+not feeling well,Tester,,,,,,,,,,,,,,,,,,,,
Negative,own health+not feeling well,6075,,,,,,,,,,,,,,,,,,,,
Negative,own health+not feeling well,6105,,,,,,,,,,,,,,,,,,,,
Negative,own health+not feeling well,6070,,,,,,,,,,,,,,,,,,,,
Negative,own health+not feeling well,6107,,,,,,,,,,,,,,,,,,,,
Negative,own health+not feeling well,6114,,,,,,,,,,,,,,,,,,,,
Negative,own health+not feeling well,6123,,,,,,,,,,,,,,,,,,,,
Negative,own health+not feeling well,6030,,,,,,,,,,,,,,,,,,,,
Negative,own health+not feeling well,6123,,,,,,,,,,,,,,,,,,,,
Negative,own health+not feeling well,6007,,,,,,,,,,,,,,,,,,,,
Negative,own health+not feeling well,6051,,,,,,,,,,,,,,,,,,,,
Negative,own health+not feeling well,,,,,,,,,,,,,,,,,,,,,
Negative,own health+not feeling well,6123,,,,,,,,,,,,,,,,,,,,
Negative,own health+not feeling well,6055,,,,,,,,,,,,,,,,,,,,
Negative,own health+not feeling well,6007,,,,,,,,,,,,,,,,,,,,
Negative,own health+not feeling well,6041,,,,,,,,,,,,,,,,,,,,
Negative,own health+not feeling well,6070,,,,,,,,,,,,,,,,,,,,
Negative,own health+not feeling well,6004,,,,,,,,,,,,,,,,,,,,
Negative,own health+not feeling well,6061,,,,,,,,,,,,,,,,,,,,
Negative,own health+not feeling well,6034,,,,,,,,,,,,,,,,,,,,
Negative,own health+not feeling well,6004,,,,,,,,,,,,,,,,,,,,
Negative,own health+not feeling well,6081,,,,,,,,,,,,,,,,,,,,
Negative,own health+not feeling well,6138,,,,,,,,,,,,,,,,,,,,
Negative,own health+not feeling well,6114,,,,,,,,,,,,,,,,,,,,
Negative,own health+not feeling well,6028,,,,,,,,,,,,,,,,,,,,
Negative,own health+not feeling well,6111,,,,,,,,,,,,,,,,,,,,
Negative,own health+physical pain,Tester,,,,,,,,,,,,,,,,,,,,
Negative,own health+physical pain,6051,,,,,,,,,,,,,,,,,,,,
Negative,own health+physical pain,6049,,,,,,,,,,,,,,,,,,,,
Negative,own health+physical pain,Tester,,,,,,,,,,,,,,,,,,,,
Negative,own health+physical pain,6059,,,,,,,,,,,,,,,,,,,,
Negative,own health+physical pain,6123,,,,,,,,,,,,,,,,,,,,
Negative,own health+physical pain,,,,,,,,,,,,,,,,,,,,,
Negative,own health+physical pain,6056,,,,,,,,,,,,,,,,,,,,
Negative,own health+physical pain,6013,,,,,,,,,,,,,,,,,,,,
Negative,own health+physical pain,Tester,,,,,,,,,,,,,,,,,,,,
Negative,own health+physical pain,Tester,,,,,,,,,,,,,,,,,,,,
Negative,own health+physical pain,6051,,,,,,,,,,,,,,,,,,,,
Negative,own health+physical pain,6005,,,,,,,,,,,,,,,,,,,,
Negative,own health+physical pain,6128,,,,,,,,,,,,,,,,,,,,
Negative,own health+physical pain,6051,,,,,,,,,,,,,,,,,,,,
Negative,own health+physical pain,6034,,,,,,,,,,,,,,,,,,,,
Negative,own health+physical pain,6116,,,,,,,,,,,,,,,,,,,,
Negative,own health+physical pain,Tester,,,,,,,,,,,,,,,,,,,,
Negative,own health+physical pain,6027,,,,,,,,,,,,,,,,,,,,
Negative,own health+physical pain,Tester,,,,,,,,,,,,,,,,,,,,
Negative,own health+physical pain,6073,,,,,,,,,,,,,,,,,,,,
Negative,own health+physical pain,Tester,,,,,,,,,,,,,,,,,,,,
Negative,own health+physical pain,6042,,,,,,,,,,,,,,,,,,,,
Negative,own health+physical pain,Tester,,,,,,,,,,,,,,,,,,,,
Negative,own health+physical pain,6049,,,,,,,,,,,,,,,,,,,,
Negative,own health+physical pain,6043,,,,,,,,,,,,,,,,,,,,
Negative,own health+physical pain,Tester,,,,,,,,,,,,,,,,,,,,
Negative,own health+physical pain,6049,,,,,,,,,,,,,,,,,,,,
Negative,own health+physical pain,Tester,,,,,,,,,,,,,,,,,,,,
Negative,own health+physical pain,6065,,,,,,,,,,,,,,,,,,,,
Negative,own health+physical pain,6031,,,,,,,,,,,,,,,,,,,,
Negative,own health+physical pain,Tester,,,,,,,,,,,,,,,,,,,,
Negative,partner+issues,6069,,,,,,,,,,,,,,,,,,,,
Negative,partner+issues,6114,,,,,,,,,,,,,,,,,,,,
Negative,partner+issues,6111,,,,,,,,,,,,,,,,,,,,
Negative,partner+issues,6009,,,,,,,,,,,,,,,,,,,,
Negative,partner+issues,6015,,,,,,,,,,,,,,,,,,,,
Negative,partner+issues,6004,,,,,,,,,,,,,,,,,,,,
Negative,partner+issues,Tester,,,,,,,,,,,,,,,,,,,,
Negative,partner+issues,6007,,,,,,,,,,,,,,,,,,,,
Negative,partner+issues,6082,,,,,,,,,,,,,,,,,,,,
Negative,partner+issues,6043,,,,,,,,,,,,,,,,,,,,
Negative,partner+issues,6086,,,,,,,,,,,,,,,,,,,,
Negative,partner+issues,6027,,,,,,,,,,,,,,,,,,,,
Negative,partner+issues,6130,,,,,,,,,,,,,,,,,,,,
Negative,partner+issues,6114,,,,,,,,,,,,,,,,,,,,
Negative,partner+issues,Tester,,,,,,,,,,,,,,,,,,,,
Negative,partner+issues,6059,,,,,,,,,,,,,,,,,,,,
Negative,partner+issues,6006,,,,,,,,,,,,,,,,,,,,
Negative,partner+issues,6087,,,,,,,,,,,,,,,,,,,,
Negative,partner+issues,6082,,,,,,,,,,,,,,,,,,,,
Negative,partner+issues,6009,,,,,,,,,,,,,,,,,,,,
Negative,partner+issues,6015,,,,,,,,,,,,,,,,,,,,
Negative,partner+issues,6001,,,,,,,,,,,,,,,,,,,,
Negative,partner+issues,Tester,,,,,,,,,,,,,,,,,,,,
Negative,partner+issues,6005,,,,,,,,,,,,,,,,,,,,
Negative,partner+issues,6111,,,,,,,,,,,,,,,,,,,,
Negative,partner+issues,6069,,,,,,,,,,,,,,,,,,,,
Negative,partner+issues,6111,,,,,,,,,,,,,,,,,,,,
Negative,partner+issues,6007,,,,,,,,,,,,,,,,,,,,
Negative,partner+issues,6016,,,,,,,,,,,,,,,,,,,,
Negative,partner+issues,6007,,,,,,,,,,,,,,,,,,,,
Negative,partner+issues,6043,,,,,,,,,,,,,,,,,,,,
Negative,partner+issues,6075,,,,,,,,,,,,,,,,,,,,
Negative,partner+issues,6068,,,,,,,,,,,,,,,,,,,,
Negative,partner+issues,6016,,,,,,,,,,,,,,,,,,,,
Negative,partner+issues,6114,,,,,,,,,,,,,,,,,,,,
Negative,partner+issues,6009,,,,,,,,,,,,,,,,,,,,
Negative,partner+issues,6090,,,,,,,,,,,,,,,,,,,,
Negative,partner+issues,6040,,,,,,,,,,,,,,,,,,,,
Negative,partner+issues,6018,,,,,,,,,,,,,,,,,,,,
Negative,partner+issues,6016,,,,,,,,,,,,,,,,,,,,
Negative,partner+issues,6068,,,,,,,,,,,,,,,,,,,,
Negative,partner+issues,6007,,,,,,,,,,,,,,,,,,,,
Negative,partner+issues,6009,,,,,,,,,,,,,,,,,,,,
Negative,partner+issues,6016,,,,,,,,,,,,,,,,,,,,
Negative,partner+issues,6068,,,,,,,,,,,,,,,,,,,,
Negative,partner+issues,6069,,,,,,,,,,,,,,,,,,,,
Negative,partner+issues,6082,,,,,,,,,,,,,,,,,,,,
Negative,partner+issues,6009,,,,,,,,,,,,,,,,,,,,
Negative,partner+issues,6016,,,,,,,,,,,,,,,,,,,,
Negative,partner+issues,6043,,,,,,,,,,,,,,,,,,,,
Negative,partner+issues,6099,,,,,,,,,,,,,,,,,,,,
Negative,partner+issues,6111,,,,,,,,,,,,,,,,,,,,
Negative,role conflict,6020,,,,,,,,,,,,,,,,,,,,
Negative,role conflict,6093,,,,,,,,,,,,,,,,,,,,
Negative,role conflict,6118,,,,,,,,,,,,,,,,,,,,
Negative,role conflict,6027,,,,,,,,,,,,,,,,,,,,
Negative,role conflict,6029,,,,,,,,,,,,,,,,,,,,
Negative,role conflict,6121,,,,,,,,,,,,,,,,,,,,
Negative,self-care+eating,6121,,,,,,,,,,,,,,,,,,,,
Negative,self-care+eating,6049,,,,,,,,,,,,,,,,,,,,
Negative,self-care+eating,6012,,,,,,,,,,,,,,,,,,,,
Negative,self-care+eating,,,,,,,,,,,,,,,,,,,,,
Negative,self-care+eating,Tester,,,,,,,,,,,,,,,,,,,,
Negative,self-care+eating,6123,,,,,,,,,,,,,,,,,,,,
Negative,self-care+eating,6043,,,,,,,,,,,,,,,,,,,,
Negative,self-care+eating,Tester,,,,,,,,,,,,,,,,,,,,
Negative,self-care+eating,6032,,,,,,,,,,,,,,,,,,,,
Negative,self-care+exercise,6093,,,,,,,,,,,,,,,,,,,,
Negative,self-care+exercise,6001,,,,,,,,,,,,,,,,,,,,
Negative,self-care+exercise,6075,,,,,,,,,,,,,,,,,,,,
Negative,self-care+exercise,6065,,,,,,,,,,,,,,,,,,,,
Negative,self-care+exercise,6045,,,,,,,,,,,,,,,,,,,,
Negative,self-care+exercise,6061,,,,,,,,,,,,,,,,,,,,
Negative,self-care+exercise,Tester,,,,,,,,,,,,,,,,,,,,
Negative,self-care+exercise,6029,,,,,,,,,,,,,,,,,,,,
Negative,self-care+exercise,6057,,,,,,,,,,,,,,,,,,,,
Negative,self-care+exercise,6029,,,,,,,,,,,,,,,,,,,,
Negative,self-care+exercise,6119,,,,,,,,,,,,,,,,,,,,
Negative,self-care+exercise,6086,,,,,,,,,,,,,,,,,,,,
Negative,self-care+exercise,6104,,,,,,,,,,,,,,,,,,,,
Negative,self-care+exercise,6011,,,,,,,,,,,,,,,,,,,,
Negative,self-care+exercise,6014,,,,,,,,,,,,,,,,,,,,
Negative,self-care+exercise,6045,,,,,,,,,,,,,,,,,,,,
Negative,self-care+exercise,6001,,,,,,,,,,,,,,,,,,,,
Negative,self-care+exercise,Tester,,,,,,,,,,,,,,,,,,,,
Negative,self-care+exercise,,,,,,,,,,,,,,,,,,,,,
Negative,self-care+exercise,6121,,,,,,,,,,,,,,,,,,,,
Negative,self-care+exercise,6020,,,,,,,,,,,,,,,,,,,,
Negative,self-care+exercise,6023,,,,,,,,,,,,,,,,,,,,
Negative,self-care+exercise,6057,,,,,,,,,,,,,,,,,,,,
Negative,self-care+exercise,Tester,,,,,,,,,,,,,,,,,,,,
Negative,self-care+exercise,6061,,,,,,,,,,,,,,,,,,,,
Negative,self-care+exercise,6122,,,,,,,,,,,,,,,,,,,,
Negative,self-care+exercise,Tester,,,,,,,,,,,,,,,,,,,,
Negative,self-care+exercise,6122,,,,,,,,,,,,,,,,,,,,
Negative,self-care+exercise,6108,,,,,,,,,,,,,,,,,,,,
Negative,self-care+exercise,6070,,,,,,,,,,,,,,,,,,,,
Negative,self-care+exercise,6121,,,,,,,,,,,,,,,,,,,,
Negative,self-care+sleep,6137,,,,,,,,,,,,,,,,,,,,
Negative,self-care+sleep,6023,,,,,,,,,,,,,,,,,,,,
Negative,self-care+sleep,6043,,,,,,,,,,,,,,,,,,,,
Negative,self-care+sleep,Tester,,,,,,,,,,,,,,,,,,,,
Negative,self-care+sleep,Tester,,,,,,,,,,,,,,,,,,,,
Negative,self-care+sleep,6083,,,,,,,,,,,,,,,,,,,,
Negative,self-care+sleep,6020,,,,,,,,,,,,,,,,,,,,
Negative,self-care+sleep,,,,,,,,,,,,,,,,,,,,,
Negative,self-care+sleep,6093,,,,,,,,,,,,,,,,,,,,
Negative,self-care+sleep,6066,,,,,,,,,,,,,,,,,,,,
Negative,self-care+sleep,6082,,,,,,,,,,,,,,,,,,,,
Negative,self-care+sleep,Tester,,,,,,,,,,,,,,,,,,,,
Negative,self-care+sleep,6023,,,,,,,,,,,,,,,,,,,,
Negative,self-care+sleep,6043,,,,,,,,,,,,,,,,,,,,
Negative,self-care+sleep,Tester,,,,,,,,,,,,,,,,,,,,
Negative,self-care+sleep,6076,,,,,,,,,,,,,,,,,,,,
Negative,self-care+sleep,Tester,,,,,,,,,,,,,,,,,,,,
Negative,self-care+sleep,6104,,,,,,,,,,,,,,,,,,,,
Negative,self-care+sleep,6108,,,,,,,,,,,,,,,,,,,,
Negative,self-care+sleep,6087,,,,,,,,,,,,,,,,,,,,
Negative,self-care+sleep,6108,,,,,,,,,,,,,,,,,,,,
Negative,self-care+sleep,6124,,,,,,,,,,,,,,,,,,,,
Negative,self-care+sleep,6118,,,,,,,,,,,,,,,,,,,,
Negative,self-care+sleep,6120,,,,,,,,,,,,,,,,,,,,
Negative,self-care+sleep,6137,,,,,,,,,,,,,,,,,,,,
Negative,self-care+sleep,6116,,,,,,,,,,,,,,,,,,,,
Negative,self-care+sleep,6104,,,,,,,,,,,,,,,,,,,,
Negative,self-care+sleep,6093,,,,,,,,,,,,,,,,,,,,
Negative,self-care+sleep,6043,,,,,,,,,,,,,,,,,,,,
Negative,self-care+sleep,6119,,,,,,,,,,,,,,,,,,,,
Negative,self-care+sleep,6005,,,,,,,,,,,,,,,,,,,,
Negative,self-care+sleep,6070,,,,,,,,,,,,,,,,,,,,
Negative,self-care+sleep,6045,,,,,,,,,,,,,,,,,,,,
Negative,self-care+sleep,6118,,,,,,,,,,,,,,,,,,,,
Negative,uncertainty,,,,,,,,,,,,,,,,,,,,,
Negative,uncertainty,6141,,,,,,,,,,,,,,,,,,,,
Negative,uncertainty,6030,,,,,,,,,,,,,,,,,,,,
Negative,uncertainty,,,,,,,,,,,,,,,,,,,,,
Negative,uncertainty,6133,,,,,,,,,,,,,,,,,,,,
Negative,uncertainty,,,,,,,,,,,,,,,,,,,,,
Negative,uncertainty,6139,,,,,,,,,,,,,,,,,,,,
Negative,uncertainty,6147,,,,,,,,,,,,,,,,,,,,
Negative,work+difficult conversation,6117,,,,,,,,,,,,,,,,,,,,
Negative,work+difficult conversation,6009,,,,,,,,,,,,,,,,,,,,
Negative,work+difficult conversation,6063,,,,,,,,,,,,,,,,,,,,
Negative,work+difficult conversation,,,,,,,,,,,,,,,,,,,,,
Negative,work+difficult conversation,6073,,,,,,,,,,,,,,,,,,,,
Negative,work+difficult conversation,6117,,,,,,,,,,,,,,,,,,,,
Negative,work+difficult conversation,6018,,,,,,,,,,,,,,,,,,,,
Negative,work+distracted,6008,,,,,,,,,,,,,,,,,,,,
Negative,work+distracted,6109,,,,,,,,,,,,,,,,,,,,
Negative,work+distracted,6013,,,,,,,,,,,,,,,,,,,,
Negative,work+distracted,6033,,,,,,,,,,,,,,,,,,,,
Negative,work+distracted,6070,,,,,,,,,,,,,,,,,,,,
Negative,work+distracted,6023,,,,,,,,,,,,,,,,,,,,
Negative,work+distracted,6023,,,,,,,,,,,,,,,,,,,,
Negative,work+distracted,6023,,,,,,,,,,,,,,,,,,,,
Negative,work+distracted,Tester,,,,,,,,,,,,,,,,,,,,
Negative,work+frustration,6083,,,,,,,,,,,,,,,,,,,,
Negative,work+frustration,6017,,,,,,,,,,,,,,,,,,,,
Negative,work+frustration,6025,,,,,,,,,,,,,,,,,,,,
Negative,work+frustration,6075,,,,,,,,,,,,,,,,,,,,
Negative,work+frustration,6106,,,,,,,,,,,,,,,,,,,,
Negative,work+frustration,6081,,,,,,,,,,,,,,,,,,,,
Negative,work+frustration,Tester,,,,,,,,,,,,,,,,,,,,
Negative,work+frustration,Tester,,,,,,,,,,,,,,,,,,,,
Negative,work+stressful,6118,,,,,,,,,,,,,,,,,,,,
Negative,work+stressful,Tester,,,,,,,,,,,,,,,,,,,,
Negative,work+stressful,6114,,,,,,,,,,,,,,,,,,,,
Negative,work+stressful,6138,,,,,,,,,,,,,,,,,,,,
Negative,work+stressful,Tester,,,,,,,,,,,,,,,,,,,,
Negative,work+stressful,,,,,,,,,,,,,,,,,,,,,
Negative,work+stressful,6010,,,,,,,,,,,,,,,,,,,,
Negative,work+stressful,6034,,,,,,,,,,,,,,,,,,,,
Negative,work+stressful,6027,,,,,,,,,,,,,,,,,,,,
Negative,work+stressful,6034,,,,,,,,,,,,,,,,,,,,
Negative,work+stressful,6014,,,,,,,,,,,,,,,,,,,,
Negative,work+stressful,6008,,,,,,,,,,,,,,,,,,,,
Negative,work+stressful,6075,,,,,,,,,,,,,,,,,,,,
Negative,work+stressful,6111,,,,,,,,,,,,,,,,,,,,
Negative,work+struggling,6066,,,,,,,,,,,,,,,,,,,,
Negative,work+struggling,6027,,,,,,,,,,,,,,,,,,,,
Negative,work+struggling,6040,,,,,,,,,,,,,,,,,,,,
Negative,work+struggling,Tester,,,,,,,,,,,,,,,,,,,,
Negative,work+struggling,6098,,,,,,,,,,,,,,,,,,,,
Negative,work+struggling,6056,,,,,,,,,,,,,,,,,,,,
Negative,work+struggling,6099,,,,,,,,,,,,,,,,,,,,
Negative,work+struggling,6007,,,,,,,,,,,,,,,,,,,,
Negative,work+struggling,6084,,,,,,,,,,,,,,,,,,,,
Negative,work+struggling,6076,,,,,,,,,,,,,,,,,,,,
Negative,work+struggling,6098,,,,,,,,,,,,,,,,,,,,
Negative,work+struggling,6111,,,,,,,,,,,,,,,,,,,,
Negative,work+struggling,6034,,,,,,,,,,,,,,,,,,,,
Negative,work+struggling,6040,,,,,,,,,,,,,,,,,,,,
Negative,work+struggling,6123,,,,,,,,,,,,,,,,,,,,
Negative,work+struggling,6075,,,,,,,,,,,,,,,,,,,,
Negative,work+struggling,6075,,,,,,,,,,,,,,,,,,,,
Negative,work+struggling,6040,,,,,,,,,,,,,,,,,,,,
Negative,work+struggling,6007,,,,,,,,,,,,,,,,,,,,
Negative,work+struggling,6066,,,,,,,,,,,,,,,,,,,,
Negative,work+struggling,Tester,,,,,,,,,,,,,,,,,,,,
Negative,work+struggling,Tester,,,,,,,,,,,,,,,,,,,,
Negative,work+struggling,6040,,,,,,,,,,,,,,,,,,,,
Negative,work+struggling,6104,,,,,,,,,,,,,,,,,,,,
Negative,work+struggling,6078,,,,,,,,,,,,,,,,,,,,
Negative,work+struggling,6085,,,,,,,,,,,,,,,,,,,,
Negative,work+struggling,6099,,,,,,,,,,,,,,,,,,,,
Negative,work+struggling,Tester,,,,,,,,,,,,,,,,,,,,
Negative,work+struggling,6005,,,,,,,,,,,,,,,,,,,,
Negative,work+struggling,6011,,,,,,,,,,,,,,,,,,,,
Negative,work+struggling,6019,,,,,,,,,,,,,,,,,,,,
Negative,work+struggling,6104,,,,,,,,,,,,,,,,,,,,
Negative,work+struggling,6116,,,,,,,,,,,,,,,,,,,,
Negative,work+struggling,6071,,,,,,,,,,,,,,,,,,,,
Negative,work+struggling,6015,,,,,,,,,,,,,,,,,,,,
Negative,work+struggling,6040,,,,,,,,,,,,,,,,,,,,
Negative,work+struggling,6011,,,,,,,,,,,,,,,,,,,,
Negative,work+struggling,6116,,,,,,,,,,,,,,,,,,,,
Negative,work+struggling,6090,,,,,,,,,,,,,,,,,,,,
Negative,work+struggling,6109,,,,,,,,,,,,,,,,,,,,
Negative,work+struggling,6023,,,,,,,,,,,,,,,,,,,,
Negative,work+struggling,6078,,,,,,,,,,,,,,,,,,,,
Negative,work+struggling,6036,,,,,,,,,,,,,,,,,,,,
Negative,work+struggling,6019,,,,,,,,,,,,,,,,,,,,
Negative,work+struggling,6099,,,,,,,,,,,,,,,,,,,,
Negative,work+struggling,6025,,,,,,,,,,,,,,,,,,,,
Negative,work+struggling,6007,,,,,,,,,,,,,,,,,,,,
Negative,work+struggling,6072,,,,,,,,,,,,,,,,,,,,
Negative,work+struggling,6027,,,,,,,,,,,,,,,,,,,,
Negative,work+struggling,6040,,,,,,,,,,,,,,,,,,,,
Negative,work+too much work,6056,,,,,,,,,,,,,,,,,,,,
Negative,work+too much work,6080,,,,,,,,,,,,,,,,,,,,
Negative,work+too much work,6004,,,,,,,,,,,,,,,,,,,,
Negative,work+too much work,6005,,,,,,,,,,,,,,,,,,,,
Negative,work+too much work,6059,,,,,,,,,,,,,,,,,,,,
Negative,work+unfulfilling,,,,,,,,,,,,,,,,,,,,,
Negative,work+unfulfilling,,,,,,,,,,,,,,,,,,,,,
Negative,work+unproductive,6029,,,,,,,,,,,,,,,,,,,,
Negative,work+unproductive,6105,,,,,,,,,,,,,,,,,,,,
Negative,work+unproductive,6083,,,,,,,,,,,,,,,,,,,,
Negative,work+unproductive,6025,,,,,,,,,,,,,,,,,,,,
Negative,work+unproductive,6033,,,,,,,,,,,,,,,,,,,,
Negative,work+unproductive,6014,,,,,,,,,,,,,,,,,,,,
Negative,work+unproductive,6050,,,,,,,,,,,,,,,,,,,,
Negative,work+unproductive,6063,,,,,,,,,,,,,,,,,,,,
Negative,work+unproductive,Tester,,,,,,,,,,,,,,,,,,,,
Negative,work+unproductive,6033,,,,,,,,,,,,,,,,,,,,
Negative,work+unproductive,6004,,,,,,,,,,,,,,,,,,,,
Negative,work+unproductive,6008,,,,,,,,,,,,,,,,,,,,
Negative,work+unproductive,6124,,,,,,,,,,,,,,,,,,,,
Negative,work+unproductive,6007,,,,,,,,,,,,,,,,,,,,
Negative,work+unproductive,Tester,,,,,,,,,,,,,,,,,,,,
Negative,work+unproductive,6118,,,,,,,,,,,,,,,,,,,,
Negative,work+unproductive,6090,,,,,,,,,,,,,,,,,,,,
Negative,work+unproductive,6020,,,,,,,,,,,,,,,,,,,,
Negative,work+unproductive,6104,,,,,,,,,,,,,,,,,,,,
Negative,work+unproductive,6078,,,,,,,,,,,,,,,,,,,,
Negative,work+unproductive,6142,,,,,,,,,,,,,,,,,,,,
Negative,work+unproductive,6090,,,,,,,,,,,,,,,,,,,,
Negative,work+unproductive,6075,,,,,,,,,,,,,,,,,,,,
Negative,work+unproductive,6033,,,,,,,,,,,,,,,,,,,,
Negative,work+unproductive,6116,,,,,,,,,,,,,,,,,,,,
Negative,work+unproductive,Tester,,,,,,,,,,,,,,,,,,,,
Negative,work+unproductive,6040,,,,,,,,,,,,,,,,,,,,
Negative,work+unproductive,6070,,,,,,,,,,,,,,,,,,,,
Negative,work+unproductive,6014,,,,,,,,,,,,,,,,,,,,
Negative,work+unproductive,Tester,,,,,,,,,,,,,,,,,,,,
Negative,work+unproductive,Tester,,,,,,,,,,,,,,,,,,,,
Negative,work+unproductive,6082,,,,,,,,,,,,,,,,,,,,
Negative,work+unproductive,6004,,,,,,,,,,,,,,,,,,,,
Negative,work+unproductive,6003,,,,,,,,,,,,,,,,,,,,
Negative,work+unproductive,6013,,,,,,,,,,,,,,,,,,,,
Negative,work+unproductive,6062,,,,,,,,,,,,,,,,,,,,
Negative,work+unproductive,6050,,,,,,,,,,,,,,,,,,,,
Negative,work+unproductive,6118,,,,,,,,,,,,,,,,,,,,
Negative,work+unproductive,6090,,,,,,,,,,,,,,,,,,,,
Negative,work+unproductive,6093,,,,,,,,,,,,,,,,,,,,
Negative,work+unproductive,6033,,,,,,,,,,,,,,,,,,,,
Negative,work+unproductive,6118,,,,,,,,,,,,,,,,,,,,
Negative,work+unproductive,Tester,,,,,,,,,,,,,,,,,,,,
Negative,work+unproductive,6082,,,,,,,,,,,,,,,,,,,,
Negative,work+unproductive,6029,,,,,,,,,,,,,,,,,,,,
Positive,coworker+conversation/interaction,6030,,,,,,,,,,,,,,,,,,,,
Positive,coworker+conversation/interaction,6009,,,,,,,,,,,,,,,,,,,,
Positive,coworker+conversation/interaction,Tester,,,,,,,,,,,,,,,,,,,,
Positive,coworker+conversation/interaction,6022,,,,,,,,,,,,,,,,,,,,
Positive,coworker+conversation/interaction,6021,,,,,,,,,,,,,,,,,,,,
Positive,coworker+conversation/interaction,Tester,,,,,,,,,,,,,,,,,,,,
Positive,coworker+conversation/interaction,6031,,,,,,,,,,,,,,,,,,,,
Positive,coworker+conversation/interaction,6031,,,,,,,,,,,,,,,,,,,,
Positive,coworker+conversation/interaction,6002,,,,,,,,,,,,,,,,,,,,
Positive,coworker+conversation/interaction,6106,,,,,,,,,,,,,,,,,,,,
Positive,"coworker+conversation/interaction
",6030,,,,,,,,,,,,,,,,,,,,
Positive,family+family time,6010,,,,,,,,,,,,,,,,,,,,
Positive,family+family time,6111,,,,,,,,,,,,,,,,,,,,
Positive,family+family time,6052,,,,,,,,,,,,,,,,,,,,
Positive,family+family time,6044,,,,,,,,,,,,,,,,,,,,
Positive,family+family time,6040,,,,,,,,,,,,,,,,,,,,
Positive,family+family time,6123,,,,,,,,,,,,,,,,,,,,
Positive,family+family time,6033,,,,,,,,,,,,,,,,,,,,
Positive,family+family time,6011,,,,,,,,,,,,,,,,,,,,
Positive,family+family time,Tester,,,,,,,,,,,,,,,,,,,,
Positive,family+family time,6131,,,,,,,,,,,,,,,,,,,,
Positive,family+family time,6084,,,,,,,,,,,,,,,,,,,,
Positive,family+family time,6020,,,,,,,,,,,,,,,,,,,,
Positive,family+family time,6041,,,,,,,,,,,,,,,,,,,,
Positive,family+family time,Tester,,,,,,,,,,,,,,,,,,,,
Positive,family+family time,6052,,,,,,,,,,,,,,,,,,,,
Positive,family+family time,6020,,,,,,,,,,,,,,,,,,,,
Positive,family+family time,6004,,,,,,,,,,,,,,,,,,,,
Positive,family+family time,6011,,,,,,,,,,,,,,,,,,,,
Positive,family+family time,6073,,,,,,,,,,,,,,,,,,,,
Positive,family+family time,6006,,,,,,,,,,,,,,,,,,,,
Positive,family+family time,6091,,,,,,,,,,,,,,,,,,,,
Positive,family+family time,6126,,,,,,,,,,,,,,,,,,,,
Positive,family+family time,6026,,,,,,,,,,,,,,,,,,,,
Positive,family+family time,6012,,,,,,,,,,,,,,,,,,,,
Positive,family+family time,6051,,,,,,,,,,,,,,,,,,,,
Positive,family+family time,6005,,,,,,,,,,,,,,,,,,,,
Positive,family+family time,6011,,,,,,,,,,,,,,,,,,,,
Positive,family+family time,6057,,,,,,,,,,,,,,,,,,,,
Positive,family+family time,6016,,,,,,,,,,,,,,,,,,,,
Positive,family+family time,6004,,,,,,,,,,,,,,,,,,,,
Positive,family+family time,6009,,,,,,,,,,,,,,,,,,,,
Positive,family+family time,6040,,,,,,,,,,,,,,,,,,,,
Positive,family+family time,6043,,,,,,,,,,,,,,,,,,,,
Positive,family+family time,6007,,,,,,,,,,,,,,,,,,,,
Positive,family+family time,6025,,,,,,,,,,,,,,,,,,,,
Positive,family+family time,6043,,,,,,,,,,,,,,,,,,,,
Positive,family+family time,6126,,,,,,,,,,,,,,,,,,,,
Positive,family+family time,6006,,,,,,,,,,,,,,,,,,,,
Positive,family+family time,6101,,,,,,,,,,,,,,,,,,,,
Positive,family+family time,6020,,,,,,,,,,,,,,,,,,,,
Positive,family+family time,6124,,,,,,,,,,,,,,,,,,,,
Positive,family+family time,Tester,,,,,,,,,,,,,,,,,,,,
Positive,family+family time,6018,,,,,,,,,,,,,,,,,,,,
Positive,family+family time,6017,,,,,,,,,,,,,,,,,,,,
Positive,family+family time,6040,,,,,,,,,,,,,,,,,,,,
Positive,family+family time,6012,,,,,,,,,,,,,,,,,,,,
Positive,family+family time,6131,,,,,,,,,,,,,,,,,,,,
Positive,family+family time,6133,,,,,,,,,,,,,,,,,,,,
Positive,family+family time,6009,,,,,,,,,,,,,,,,,,,,
Positive,family+family time,6027,,,,,,,,,,,,,,,,,,,,
Positive,family+family time,6064,,,,,,,,,,,,,,,,,,,,
Positive,family+family time,6136,,,,,,,,,,,,,,,,,,,,
Positive,family+family time,6053,,,,,,,,,,,,,,,,,,,,
Positive,family+family time,6040,,,,,,,,,,,,,,,,,,,,
Positive,family+family time,6018,,,,,,,,,,,,,,,,,,,,
Positive,family+family time,6017,,,,,,,,,,,,,,,,,,,,
Positive,family+family time,6040,,,,,,,,,,,,,,,,,,,,
Positive,family+family time,6067,,,,,,,,,,,,,,,,,,,,
Positive,family+family time,6012,,,,,,,,,,,,,,,,,,,,
Positive,family+family time,6067,,,,,,,,,,,,,,,,,,,,
Positive,family+family time,6051,,,,,,,,,,,,,,,,,,,,
Positive,family+family time,6004,,,,,,,,,,,,,,,,,,,,
Positive,family+family time,6018,,,,,,,,,,,,,,,,,,,,
Positive,family+family time,6087,,,,,,,,,,,,,,,,,,,,
Positive,family+family time,6009,,,,,,,,,,,,,,,,,,,,
Positive,family+family time,6005,,,,,,,,,,,,,,,,,,,,
Positive,family+family time,6002,,,,,,,,,,,,,,,,,,,,
Positive,family+family time,6131,,,,,,,,,,,,,,,,,,,,
Positive,family+family time,6027,,,,,,,,,,,,,,,,,,,,
Positive,family+family time,6005,,,,,,,,,,,,,,,,,,,,
Positive,family+family time,6007,,,,,,,,,,,,,,,,,,,,
Positive,family+family time,6010,,,,,,,,,,,,,,,,,,,,
Positive,family+family time,6052,,,,,,,,,,,,,,,,,,,,
Positive,family+family time,6020,,,,,,,,,,,,,,,,,,,,
Positive,family+family time,6011,,,,,,,,,,,,,,,,,,,,
Positive,family+family time,6063,,,,,,,,,,,,,,,,,,,,
Positive,family+family time,6027,,,,,,,,,,,,,,,,,,,,
Positive,family+family time,6093,,,,,,,,,,,,,,,,,,,,
Positive,family+family time,6051,,,,,,,,,,,,,,,,,,,,
Positive,family+family time,6034,,,,,,,,,,,,,,,,,,,,
Positive,family+family time,6010,,,,,,,,,,,,,,,,,,,,
Positive,family+family time,6041,,,,,,,,,,,,,,,,,,,,
Positive,family+family time,6043,,,,,,,,,,,,,,,,,,,,
Positive,family+family time,6051,,,,,,,,,,,,,,,,,,,,
Positive,family+family time,6017,,,,,,,,,,,,,,,,,,,,
Positive,family+family time,6013,,,,,,,,,,,,,,,,,,,,
Positive,family+family time,6017,,,,,,,,,,,,,,,,,,,,
Positive,family+family time,Tester,,,,,,,,,,,,,,,,,,,,
Positive,family+family time,6012,,,,,,,,,,,,,,,,,,,,
Positive,family+family time,6017,,,,,,,,,,,,,,,,,,,,
Positive,family+family time,6069,,,,,,,,,,,,,,,,,,,,
Positive,family+family time,6073,,,,,,,,,,,,,,,,,,,,
Positive,family+family time,6034,,,,,,,,,,,,,,,,,,,,
Positive,family+family time,6034,,,,,,,,,,,,,,,,,,,,
Positive,family+family time,6069,,,,,,,,,,,,,,,,,,,,
Positive,family+family time,6105,,,,,,,,,,,,,,,,,,,,
Positive,family+family time,6027,,,,,,,,,,,,,,,,,,,,
Positive,family+family time,6006,,,,,,,,,,,,,,,,,,,,
Positive,family+family time,6017,,,,,,,,,,,,,,,,,,,,
Positive,family+family time,6014,,,,,,,,,,,,,,,,,,,,
Positive,family+family time,tester,,,,,,,,,,,,,,,,,,,,
Positive,family+family time,6109,,,,,,,,,,,,,,,,,,,,
Positive,family+family time,6050,,,,,,,,,,,,,,,,,,,,
Positive,family+family time,6103,,,,,,,,,,,,,,,,,,,,
Positive,family+family time,6014,,,,,,,,,,,,,,,,,,,,
Positive,family+family time,6028,,,,,,,,,,,,,,,,,,,,
Positive,family+family time,6070,,,,,,,,,,,,,,,,,,,,
Positive,family+family time,6006,,,,,,,,,,,,,,,,,,,,
Positive,family+family time,6009,,,,,,,,,,,,,,,,,,,,
Positive,family+family time,6040,,,,,,,,,,,,,,,,,,,,
Positive,family+family time,6009,,,,,,,,,,,,,,,,,,,,
Positive,family+family time,6052,,,,,,,,,,,,,,,,,,,,
Positive,family+family time,6004,,,,,,,,,,,,,,,,,,,,
Positive,family+family time,6068,,,,,,,,,,,,,,,,,,,,
Positive,family+family time,6020,,,,,,,,,,,,,,,,,,,,
Positive,family+family time,6011,,,,,,,,,,,,,,,,,,,,
Positive,family+family time,6034,,,,,,,,,,,,,,,,,,,,
Positive,family+family time,6004,,,,,,,,,,,,,,,,,,,,
Positive,family+family time,6124,,,,,,,,,,,,,,,,,,,,
Positive,family+family time,6004,,,,,,,,,,,,,,,,,,,,
Positive,family+family time,6007,,,,,,,,,,,,,,,,,,,,
Positive,family+family time,6002,,,,,,,,,,,,,,,,,,,,
Positive,family+family time,6017,,,,,,,,,,,,,,,,,,,,
Positive,family+family time,6010,,,,,,,,,,,,,,,,,,,,
Positive,family+family time,tester,,,,,,,,,,,,,,,,,,,,
Positive,family+family time,6004,,,,,,,,,,,,,,,,,,,,
Positive,family+family time,6040,,,,,,,,,,,,,,,,,,,,
Positive,family+family time,6015,,,,,,,,,,,,,,,,,,,,
Positive,family+family time,6090,,,,,,,,,,,,,,,,,,,,
Positive,family+family time,6121,,,,,,,,,,,,,,,,,,,,
Positive,family+family time,6006,,,,,,,,,,,,,,,,,,,,
Positive,family+family time,6044,,,,,,,,,,,,,,,,,,,,
Positive,family+family time,6052,,,,,,,,,,,,,,,,,,,,
Positive,family+family time,6014,,,,,,,,,,,,,,,,,,,,
Positive,family+family time,6066,,,,,,,,,,,,,,,,,,,,
Positive,family+family time,tester,,,,,,,,,,,,,,,,,,,,
Positive,family+family time,6011,,,,,,,,,,,,,,,,,,,,
Positive,family+family time,6017,,,,,,,,,,,,,,,,,,,,
Positive,family+family time,6023,,,,,,,,,,,,,,,,,,,,
Positive,family+family time,6019,,,,,,,,,,,,,,,,,,,,
Positive,family+family time,6005,,,,,,,,,,,,,,,,,,,,
Positive,family+family time,6027,,,,,,,,,,,,,,,,,,,,
Positive,family+family time,6007,,,,,,,,,,,,,,,,,,,,
Positive,family+family time,tester,,,,,,,,,,,,,,,,,,,,
Positive,family+family time,6005,,,,,,,,,,,,,,,,,,,,
Positive,family+family time,6101,,,,,,,,,,,,,,,,,,,,
Positive,family+family time,6109,,,,,,,,,,,,,,,,,,,,
Positive,family+family time,6045,,,,,,,,,,,,,,,,,,,,
Positive,family+family time,6004,,,,,,,,,,,,,,,,,,,,
Positive,family+family time,6118,,,,,,,,,,,,,,,,,,,,
Positive,family+family time,6012,,,,,,,,,,,,,,,,,,,,
Positive,family+family time,6007,,,,,,,,,,,,,,,,,,,,
Positive,family+family time,6037,,,,,,,,,,,,,,,,,,,,
Positive,family+family time,6139,,,,,,,,,,,,,,,,,,,,
Positive,family+family time,6126,,,,,,,,,,,,,,,,,,,,
Positive,family+family time,6013,,,,,,,,,,,,,,,,,,,,
Positive,family+family time,6025,,,,,,,,,,,,,,,,,,,,
Positive,family+family time,6010,,,,,,,,,,,,,,,,,,,,
Positive,family+family time,6014,,,,,,,,,,,,,,,,,,,,
Positive,family+family time,6010,,,,,,,,,,,,,,,,,,,,
Positive,family+family time,6126,,,,,,,,,,,,,,,,,,,,
Positive,family+family time,6110,,,,,,,,,,,,,,,,,,,,
Positive,family+family time,6082,,,,,,,,,,,,,,,,,,,,
Positive,family+family time,6012,,,,,,,,,,,,,,,,,,,,
Positive,family+family time,6050,,,,,,,,,,,,,,,,,,,,
Positive,family+family time,6062,,,,,,,,,,,,,,,,,,,,
Positive,family+family time,tester,,,,,,,,,,,,,,,,,,,,
Positive,family+family time,6123,,,,,,,,,,,,,,,,,,,,
Positive,family+family time,6120,,,,,,,,,,,,,,,,,,,,
Positive,family+family time,6045,,,,,,,,,,,,,,,,,,,,
Positive,family+family time,6008,,,,,,,,,,,,,,,,,,,,
Positive,family+family time,6012,,,,,,,,,,,,,,,,,,,,
Positive,general,6082,,,,,,,,,,,,,,,,,,,,
Positive,general,6136,,,,,,,,,,,,,,,,,,,,
Positive,general,6136,,,,,,,,,,,,,,,,,,,,
Positive,general,6136,,,,,,,,,,,,,,,,,,,,
Positive,general,6136,,,,,,,,,,,,,,,,,,,,
Positive,general,tester,,,,,,,,,,,,,,,,,,,,
Positive,general,6001,,,,,,,,,,,,,,,,,,,,
Positive,general,6023,,,,,,,,,,,,,,,,,,,,
Positive,house chores+productive,6065,,,,,,,,,,,,,,,,,,,,
Positive,house chores+productive,6070,,,,,,,,,,,,,,,,,,,,
Positive,house chores+productive,tester,,,,,,,,,,,,,,,,,,,,
Positive,house chores+productive,6040,,,,,,,,,,,,,,,,,,,,
Positive,house chores+productive,6121,,,,,,,,,,,,,,,,,,,,
Positive,house chores+productive,6086,,,,,,,,,,,,,,,,,,,,
Positive,house chores+productive,tester,,,,,,,,,,,,,,,,,,,,
Positive,house chores+productive,6123,,,,,,,,,,,,,,,,,,,,
Positive,house chores+productive,6081,,,,,,,,,,,,,,,,,,,,
Positive,house chores+productive,6032,,,,,,,,,,,,,,,,,,,,
Positive,house chores+productive,6044,,,,,,,,,,,,,,,,,,,,
Positive,house chores+productive,6007,,,,,,,,,,,,,,,,,,,,
Positive,house chores+productive,6075,,,,,,,,,,,,,,,,,,,,
Positive,house chores+productive,6004,,,,,,,,,,,,,,,,,,,,
Positive,house chores+productive,6062,,,,,,,,,,,,,,,,,,,,
Positive,house chores+productive,6004,,,,,,,,,,,,,,,,,,,,
Positive,house chores+productive,6062,,,,,,,,,,,,,,,,,,,,
Positive,house chores+productive,6007,,,,,,,,,,,,,,,,,,,,
Positive,house chores+productive,6122,,,,,,,,,,,,,,,,,,,,
Positive,house chores+productive,6125,,,,,,,,,,,,,,,,,,,,
Positive,house chores+productive,tester,,,,,,,,,,,,,,,,,,,,
Positive,house chores+productive,6014,,,,,,,,,,,,,,,,,,,,
Positive,house chores+productive,tester,,,,,,,,,,,,,,,,,,,,
Positive,house chores+productive,tester,,,,,,,,,,,,,,,,,,,,
Positive,house chores+productive,6004,,,,,,,,,,,,,,,,,,,,
Positive,kids+good behavior,6002,,,,,,,,,,,,,,,,,,,,
Positive,kids+good behavior,6126,,,,,,,,,,,,,,,,,,,,
Positive,kids+good behavior,6109,,,,,,,,,,,,,,,,,,,,
Positive,kids+good behavior,6031,,,,,,,,,,,,,,,,,,,,
Positive,kids+good behavior,6031,,,,,,,,,,,,,,,,,,,,
Positive,kids+good behavior,6023,,,,,,,,,,,,,,,,,,,,
Positive,kids+good behavior,6082,,,,,,,,,,,,,,,,,,,,
Positive,kids+good behavior,6029,,,,,,,,,,,,,,,,,,,,
Positive,kids+good behavior,6073,,,,,,,,,,,,,,,,,,,,
Positive,kids+good behavior,6062,,,,,,,,,,,,,,,,,,,,
Positive,kids+good behavior,6009,,,,,,,,,,,,,,,,,,,,
Positive,kids+good behavior,6014,,,,,,,,,,,,,,,,,,,,
Positive,kids+good behavior,6005,,,,,,,,,,,,,,,,,,,,
Positive,kids+good behavior,6031,,,,,,,,,,,,,,,,,,,,
Positive,kids+good behavior,6068,,,,,,,,,,,,,,,,,,,,
Positive,kids+good behavior,6033,,,,,,,,,,,,,,,,,,,,
Positive,kids+good behavior,6005,,,,,,,,,,,,,,,,,,,,
Positive,kids+good behavior,6114,,,,,,,,,,,,,,,,,,,,
Positive,kids+good behavior,6017,,,,,,,,,,,,,,,,,,,,
Positive,kids+good behavior,6012,,,,,,,,,,,,,,,,,,,,
Positive,kids+good behavior,6024,,,,,,,,,,,,,,,,,,,,
Positive,kids+good behavior,6059,,,,,,,,,,,,,,,,,,,,
Positive,kids+good behavior,6007,,,,,,,,,,,,,,,,,,,,
Positive,kids+good behavior,6059,,,,,,,,,,,,,,,,,,,,
Positive,kids+good behavior,6099,,,,,,,,,,,,,,,,,,,,
Positive,kids+good behavior,6005,,,,,,,,,,,,,,,,,,,,
Positive,kids+good behavior,6012,,,,,,,,,,,,,,,,,,,,
Positive,kids+good behavior,6009,,,,,,,,,,,,,,,,,,,,
Positive,kids+good behavior,6073,,,,,,,,,,,,,,,,,,,,
Positive,kids+good behavior,6045,,,,,,,,,,,,,,,,,,,,
Positive,kids+good behavior,6096,,,,,,,,,,,,,,,,,,,,
Positive,kids+good behavior,6121,,,,,,,,,,,,,,,,,,,,
Positive,kids+good behavior,6128,,,,,,,,,,,,,,,,,,,,
Positive,kids+good behavior,6068,,,,,,,,,,,,,,,,,,,,
Positive,kids+good behavior,6114,,,,,,,,,,,,,,,,,,,,
Positive,kids+good behavior,6099,,,,,,,,,,,,,,,,,,,,
Positive,kids+good behavior,6085,,,,,,,,,,,,,,,,,,,,
Positive,kids+good behavior,6018,,,,,,,,,,,,,,,,,,,,
Positive,kids+good behavior,6111,,,,,,,,,,,,,,,,,,,,
Positive,kids+good behavior,6118,,,,,,,,,,,,,,,,,,,,
Positive,kids+good behavior,6018,,,,,,,,,,,,,,,,,,,,
Positive,kids+spend time together,6009,,,,,,,,,,,,,,,,,,,,
Positive,kids+spend time together,6118,,,,,,,,,,,,,,,,,,,,
Positive,kids+spend time together,6043,,,,,,,,,,,,,,,,,,,,
Positive,kids+spend time together,6112,,,,,,,,,,,,,,,,,,,,
Positive,kids+spend time together,6120,,,,,,,,,,,,,,,,,,,,
Positive,kids+spend time together,6020,,,,,,,,,,,,,,,,,,,,
Positive,kids+spend time together,6037,,,,,,,,,,,,,,,,,,,,
Positive,kids+spend time together,6008,,,,,,,,,,,,,,,,,,,,
Positive,kids+spend time together,6023,,,,,,,,,,,,,,,,,,,,
Positive,kids+spend time together,6044,,,,,,,,,,,,,,,,,,,,
Positive,kids+spend time together,6044,,,,,,,,,,,,,,,,,,,,
Positive,kids+spend time together,6006,,,,,,,,,,,,,,,,,,,,
Positive,kids+spend time together,6002,,,,,,,,,,,,,,,,,,,,
Positive,kids+spend time together,6014,,,,,,,,,,,,,,,,,,,,
Positive,kids+spend time together,6042,,,,,,,,,,,,,,,,,,,,
Positive,kids+spend time together,6109,,,,,,,,,,,,,,,,,,,,
Positive,kids+spend time together,6067,,,,,,,,,,,,,,,,,,,,
Positive,kids+spend time together,6116,,,,,,,,,,,,,,,,,,,,
Positive,kids+spend time together,6107,,,,,,,,,,,,,,,,,,,,
Positive,kids+spend time together,6055,,,,,,,,,,,,,,,,,,,,
Positive,kids+spend time together,6071,,,,,,,,,,,,,,,,,,,,
Positive,kids+spend time together,6110,,,,,,,,,,,,,,,,,,,,
Positive,kids+spend time together,6073,,,,,,,,,,,,,,,,,,,,
Positive,kids+spend time together,6130,,,,,,,,,,,,,,,,,,,,
Positive,kids+spend time together,6104,,,,,,,,,,,,,,,,,,,,
Positive,kids+spend time together,6037,,,,,,,,,,,,,,,,,,,,
Positive,kids+spend time together,6007,,,,,,,,,,,,,,,,,,,,
Positive,kids+spend time together,,,,,,,,,,,,,,,,,,,,,
Positive,kids+spend time together,6064,,,,,,,,,,,,,,,,,,,,
Positive,kids+spend time together,6023,,,,,,,,,,,,,,,,,,,,
Positive,kids+spend time together,6109,,,,,,,,,,,,,,,,,,,,
Positive,kids+spend time together,6066,,,,,,,,,,,,,,,,,,,,
Positive,kids+spend time together,6104,,,,,,,,,,,,,,,,,,,,
Positive,kids+spend time together,6118,,,,,,,,,,,,,,,,,,,,
Positive,kids+spend time together,6092,,,,,,,,,,,,,,,,,,,,
Positive,kids+spend time together,6075,,,,,,,,,,,,,,,,,,,,
Positive,kids+spend time together,6040,,,,,,,,,,,,,,,,,,,,
Positive,kids+spend time together,6104,,,,,,,,,,,,,,,,,,,,
Positive,kids+spend time together,6011,,,,,,,,,,,,,,,,,,,,
Positive,kids+spend time together,6031,,,,,,,,,,,,,,,,,,,,
Positive,kids+spend time together,6012,,,,,,,,,,,,,,,,,,,,
Positive,kids+spend time together,6110,,,,,,,,,,,,,,,,,,,,
Positive,kids+spend time together,6111,,,,,,,,,,,,,,,,,,,,
Positive,kids+spend time together,6015,,,,,,,,,,,,,,,,,,,,
Positive,kids+spend time together,6055,,,,,,,,,,,,,,,,,,,,
Positive,kids+spend time together,6107,,,,,,,,,,,,,,,,,,,,
Positive,kids+spend time together,6090,,,,,,,,,,,,,,,,,,,,
Positive,kids+spend time together,6043,,,,,,,,,,,,,,,,,,,,
Positive,kids+spend time together,6092,,,,,,,,,,,,,,,,,,,,
Positive,kids+spend time together,6044,,,,,,,,,,,,,,,,,,,,
Positive,kids+spend time together,6104,,,,,,,,,,,,,,,,,,,,
Positive,kids+spend time together,6129,,,,,,,,,,,,,,,,,,,,
Positive,kids+spend time together,6006,,,,,,,,,,,,,,,,,,,,
Positive,kids+spend time together,6104,,,,,,,,,,,,,,,,,,,,
Positive,kids+spend time together,6074,,,,,,,,,,,,,,,,,,,,
Positive,kids+spend time together,6036,,,,,,,,,,,,,,,,,,,,
Positive,kids+spend time together,6031,,,,,,,,,,,,,,,,,,,,
Positive,kids+spend time together,6104,,,,,,,,,,,,,,,,,,,,
Positive,kids+spend time together,6043,,,,,,,,,,,,,,,,,,,,
Positive,kids+spend time together,6078,,,,,,,,,,,,,,,,,,,,
Positive,kids+spend time together,6071,,,,,,,,,,,,,,,,,,,,
Positive,kids+spend time together,6023,,,,,,,,,,,,,,,,,,,,
Positive,kids+spend time together,6009,,,,,,,,,,,,,,,,,,,,
Positive,kids+spend time together,6109,,,,,,,,,,,,,,,,,,,,
Positive,kids+spend time together,6028,,,,,,,,,,,,,,,,,,,,
Positive,kids+spend time together,6020,,,,,,,,,,,,,,,,,,,,
Positive,kids+spend time together,6104,,,,,,,,,,,,,,,,,,,,
Positive,kids+spend time together,6071,,,,,,,,,,,,,,,,,,,,
Positive,kids+spend time together,6092,,,,,,,,,,,,,,,,,,,,
Positive,kids+spend time together,6114,,,,,,,,,,,,,,,,,,,,
Positive,kids+spend time together,6082,,,,,,,,,,,,,,,,,,,,
Positive,kids+spend time together,6007,,,,,,,,,,,,,,,,,,,,
Positive,kids+spend time together,6118,,,,,,,,,,,,,,,,,,,,
Positive,kids+spend time together,6031,,,,,,,,,,,,,,,,,,,,
Positive,kids+spend time together,6052,,,,,,,,,,,,,,,,,,,,
Positive,kids+spend time together,6028,,,,,,,,,,,,,,,,,,,,
Positive,kids+spend time together,6028,,,,,,,,,,,,,,,,,,,,
Positive,kids+spend time together,6106,,,,,,,,,,,,,,,,,,,,
Positive,kids+spend time together,6042,,,,,,,,,,,,,,,,,,,,
Positive,kids+spend time together,6098,,,,,,,,,,,,,,,,,,,,
Positive,kids+spend time together,6031,,,,,,,,,,,,,,,,,,,,
Positive,kids+spend time together,6076,,,,,,,,,,,,,,,,,,,,
Positive,kids+spend time together,6109,,,,,,,,,,,,,,,,,,,,
Positive,kids+spend time together,6112,,,,,,,,,,,,,,,,,,,,
Positive,kids+spend time together,6037,,,,,,,,,,,,,,,,,,,,
Positive,kids+spend time together,6121,,,,,,,,,,,,,,,,,,,,
Positive,kids+spend time together,6093,,,,,,,,,,,,,,,,,,,,
Positive,kids+spend time together,6081,,,,,,,,,,,,,,,,,,,,
Positive,kids+spend time together,6068,,,,,,,,,,,,,,,,,,,,
Positive,kids+spend time together,6037,,,,,,,,,,,,,,,,,,,,
Positive,kids+spend time together,6104,,,,,,,,,,,,,,,,,,,,
Positive,kids+spend time together,6114,,,,,,,,,,,,,,,,,,,,
Positive,kids+spend time together,6005,,,,,,,,,,,,,,,,,,,,
Positive,kids+spend time together,6043,,,,,,,,,,,,,,,,,,,,
Positive,kids+spend time together,6004,,,,,,,,,,,,,,,,,,,,
Positive,kids+spend time together,6110,,,,,,,,,,,,,,,,,,,,
Positive,kids+spend time together,6023,,,,,,,,,,,,,,,,,,,,
Positive,kids+spend time together,6004,,,,,,,,,,,,,,,,,,,,
Positive,kids+spend time together,6120,,,,,,,,,,,,,,,,,,,,
Positive,kids+spend time together,6009,,,,,,,,,,,,,,,,,,,,
Positive,kids+spend time together,6109,,,,,,,,,,,,,,,,,,,,
Positive,kids+spend time together,6121,,,,,,,,,,,,,,,,,,,,
Positive,kids+spend time together,6143,,,,,,,,,,,,,,,,,,,,
Positive,kids+spend time together,6074,,,,,,,,,,,,,,,,,,,,
Positive,kids+spend time together,6027,,,,,,,,,,,,,,,,,,,,
Positive,kids+spend time together,6083,,,,,,,,,,,,,,,,,,,,
Positive,kids+spend time together,6052,,,,,,,,,,,,,,,,,,,,
Positive,kids+spend time together,6043,,,,,,,,,,,,,,,,,,,,
Positive,kids+spend time together,6011,,,,,,,,,,,,,,,,,,,,
Positive,kids+spend time together,6096,,,,,,,,,,,,,,,,,,,,
Positive,kids+spend time together,6084,,,,,,,,,,,,,,,,,,,,
Positive,kids+spend time together,6011,,,,,,,,,,,,,,,,,,,,
Positive,kids+spend time together,6066,,,,,,,,,,,,,,,,,,,,
Positive,kids+spend time together,6031,,,,,,,,,,,,,,,,,,,,
Positive,kids+spend time together,6049,,,,,,,,,,,,,,,,,,,,
Positive,kids+spend time together,6005,,,,,,,,,,,,,,,,,,,,
Positive,birthday,6019,,,,,,,,,,,,,,,,,,,,
Positive,birthday,6042,,,,,,,,,,,,,,,,,,,,
Positive,birthday,6069,,,,,,,,,,,,,,,,,,,,
Positive,birthday,6042,,,,,,,,,,,,,,,,,,,,
Positive,birthday,6029,,,,,,,,,,,,,,,,,,,,
Positive,birthday,6116,,,,,,,,,,,,,,,,,,,,
Positive,birthday,6138,,,,,,,,,,,,,,,,,,,,
Positive,birthday,6036,,,,,,,,,,,,,,,,,,,,
Positive,birthday,6128,,,,,,,,,,,,,,,,,,,,
Positive,birthday,6066,,,,,,,,,,,,,,,,,,,,
Positive,birthday,6093,,,,,,,,,,,,,,,,,,,,
Positive,partner+good communication,6130,,,,,,,,,,,,,,,,,,,,
Positive,partner+good communication,6090,,,,,,,,,,,,,,,,,,,,
Positive,partner+good communication,6029,,,,,,,,,,,,,,,,,,,,
Positive,partner+good communication,6132,,,,,,,,,,,,,,,,,,,,
Positive,partner+good communication,6059,,,,,,,,,,,,,,,,,,,,
Positive,partner+good communication,6090,,,,,,,,,,,,,,,,,,,,
Positive,partner+good communication,6002,,,,,,,,,,,,,,,,,,,,
Positive,partner+good communication,6015,,,,,,,,,,,,,,,,,,,,
Positive,partner+good communication,6086,,,,,,,,,,,,,,,,,,,,
Positive,partner+good communication,6087,,,,,,,,,,,,,,,,,,,,
Positive,partner+good communication,6015,,,,,,,,,,,,,,,,,,,,
Positive,partner+good communication,6005,,,,,,,,,,,,,,,,,,,,
Positive,self-care+exercise,,,,,,,,,,,,,,,,,,,,,
Positive,self-care+exercise,6010,,,,,,,,,,,,,,,,,,,,
Positive,self-care+exercise,6119,,,,,,,,,,,,,,,,,,,,
Positive,self-care+exercise,tester,,,,,,,,,,,,,,,,,,,,
Positive,self-care+exercise,tester,,,,,,,,,,,,,,,,,,,,
Positive,self-care+exercise,6119,,,,,,,,,,,,,,,,,,,,
Positive,self-care+exercise,6107,,,,,,,,,,,,,,,,,,,,
Positive,self-care+exercise,6080,,,,,,,,,,,,,,,,,,,,
Positive,self-care+exercise,6072,,,,,,,,,,,,,,,,,,,,
Positive,self-care+exercise,6071,,,,,,,,,,,,,,,,,,,,
Positive,self-care+exercise,6076,,,,,,,,,,,,,,,,,,,,
Positive,self-care+exercise,tester,,,,,,,,,,,,,,,,,,,,
Positive,self-care+exercise,6002,,,,,,,,,,,,,,,,,,,,
Positive,self-care+exercise,6119,,,,,,,,,,,,,,,,,,,,
Positive,self-care+exercise,6078,,,,,,,,,,,,,,,,,,,,
Positive,self-care+exercise,6061,,,,,,,,,,,,,,,,,,,,
Positive,self-care+exercise,6021,,,,,,,,,,,,,,,,,,,,
Positive,self-care+exercise,6136,,,,,,,,,,,,,,,,,,,,
Positive,self-care+exercise,6031,,,,,,,,,,,,,,,,,,,,
Positive,self-care+exercise,6020,,,,,,,,,,,,,,,,,,,,
Positive,self-care+exercise,6027,,,,,,,,,,,,,,,,,,,,
Positive,self-care+exercise,6051,,,,,,,,,,,,,,,,,,,,
Positive,self-care+exercise,6061,,,,,,,,,,,,,,,,,,,,
Positive,self-care+exercise,6105,,,,,,,,,,,,,,,,,,,,
Positive,self-care+exercise,6136,,,,,,,,,,,,,,,,,,,,
Positive,self-care+exercise,6057,,,,,,,,,,,,,,,,,,,,
Positive,self-care+exercise,6014,,,,,,,,,,,,,,,,,,,,
Positive,self-care+exercise,6049,,,,,,,,,,,,,,,,,,,,
Positive,self-care+exercise,tester,,,,,,,,,,,,,,,,,,,,
Positive,self-care+exercise,6107,,,,,,,,,,,,,,,,,,,,
Positive,self-care+exercise,6067,,,,,,,,,,,,,,,,,,,,
Positive,self-care+exercise,6002,,,,,,,,,,,,,,,,,,,,
Positive,self-care+exercise,tester,,,,,,,,,,,,,,,,,,,,
Positive,self-care+exercise,tester,,,,,,,,,,,,,,,,,,,,
Positive,self-care+exercise,6026,,,,,,,,,,,,,,,,,,,,
Positive,self-care+exercise,6025,,,,,,,,,,,,,,,,,,,,
Positive,self-care+exercise,6026,,,,,,,,,,,,,,,,,,,,
Positive,self-care+exercise,6107,,,,,,,,,,,,,,,,,,,,
Positive,self-care+exercise,6055,,,,,,,,,,,,,,,,,,,,
Positive,self-care+exercise,6027,,,,,,,,,,,,,,,,,,,,
Positive,self-care+exercise,6105,,,,,,,,,,,,,,,,,,,,
Positive,self-care+exercise,6101,,,,,,,,,,,,,,,,,,,,
Positive,self-care+exercise,6002,,,,,,,,,,,,,,,,,,,,
Positive,self-care+exercise,6078,,,,,,,,,,,,,,,,,,,,
Positive,self-care+exercise,6048,,,,,,,,,,,,,,,,,,,,
Positive,self-care+exercise,tester,,,,,,,,,,,,,,,,,,,,
Positive,self-care+exercise,6070,,,,,,,,,,,,,,,,,,,,
Positive,self-care+exercise,6095,,,,,,,,,,,,,,,,,,,,
Positive,self-care+exercise,6026,,,,,,,,,,,,,,,,,,,,
Positive,self-care+exercise,6111,,,,,,,,,,,,,,,,,,,,
Positive,self-care+exercise,tester,,,,,,,,,,,,,,,,,,,,
Positive,self-care+exercise,6066,,,,,,,,,,,,,,,,,,,,
Positive,self-care+exercise,6122,,,,,,,,,,,,,,,,,,,,
Positive,self-care+exercise,6026,,,,,,,,,,,,,,,,,,,,
Positive,self-care+exercise,6016,,,,,,,,,,,,,,,,,,,,
Positive,self-care+exercise,6073,,,,,,,,,,,,,,,,,,,,
Positive,self-care+exercise,tester,,,,,,,,,,,,,,,,,,,,
Positive,self-care+exercise,tester,,,,,,,,,,,,,,,,,,,,
Positive,self-care+exercise,6041,,,,,,,,,,,,,,,,,,,,
Positive,self-care+exercise,6026,,,,,,,,,,,,,,,,,,,,
Positive,self-care+exercise,tester,,,,,,,,,,,,,,,,,,,,
Positive,self-care+exercise,6020,,,,,,,,,,,,,,,,,,,,
Positive,self-care+exercise,6008,,,,,,,,,,,,,,,,,,,,
Positive,self-care+exercise,6030,,,,,,,,,,,,,,,,,,,,
Positive,self-care+exercise,6020,,,,,,,,,,,,,,,,,,,,
Positive,self-care+exercise,6033,,,,,,,,,,,,,,,,,,,,
Positive,self-care+exercise,6026,,,,,,,,,,,,,,,,,,,,
Positive,self-care+exercise,6026,,,,,,,,,,,,,,,,,,,,
Positive,self-care+exercise,6119,,,,,,,,,,,,,,,,,,,,
Positive,self-care+exercise,6101,,,,,,,,,,,,,,,,,,,,
Positive,self-care+exercise,,,,,,,,,,,,,,,,,,,,,
Positive,self-care+exercise,6074,,,,,,,,,,,,,,,,,,,,
Positive,self-care+exercise,6092,,,,,,,,,,,,,,,,,,,,
Positive,self-care+exercise,6107,,,,,,,,,,,,,,,,,,,,
Positive,self-care+exercise,6002,,,,,,,,,,,,,,,,,,,,
Positive,self-care+exercise,6045,,,,,,,,,,,,,,,,,,,,
Positive,self-care+exercise,6120,,,,,,,,,,,,,,,,,,,,
Positive,self-care+exercise,,,,,,,,,,,,,,,,,,,,,
Positive,self-care+good food,tester,,,,,,,,,,,,,,,,,,,,
Positive,self-care+good food,tester,,,,,,,,,,,,,,,,,,,,
Positive,self-care+good food,6105,,,,,,,,,,,,,,,,,,,,
Positive,self-care+good food,6012,,,,,,,,,,,,,,,,,,,,
Positive,self-care+good food,6096,,,,,,,,,,,,,,,,,,,,
Positive,self-care+good food,6119,,,,,,,,,,,,,,,,,,,,
Positive,self-care+nap,6044,,,,,,,,,,,,,,,,,,,,
Positive,self-care+nap,6105,,,,,,,,,,,,,,,,,,,,
Positive,self-care+nap,6108,,,,,,,,,,,,,,,,,,,,
Positive,self-care+nap,6082,,,,,,,,,,,,,,,,,,,,
Positive,self-care+nap,6082,,,,,,,,,,,,,,,,,,,,
Positive,self-care+nap,6108,,,,,,,,,,,,,,,,,,,,
Positive,self-care+nap,6082,,,,,,,,,,,,,,,,,,,,
Positive,self-care+nap,6098,,,,,,,,,,,,,,,,,,,,
Positive,self-care+nap,6078,,,,,,,,,,,,,,,,,,,,
Positive,self-care+nap,6015,,,,,,,,,,,,,,,,,,,,
Positive,self-care+nap,6094,,,,,,,,,,,,,,,,,,,,
Positive,self-care+physical pain,6071,,,,,,,,,,,,,,,,,,,,
Positive,self-care+physical pain,6021,,,,,,,,,,,,,,,,,,,,
Positive,self-care+physical pain,6018,,,,,,,,,,,,,,,,,,,,
Positive,self-care+physical pain,6026,,,,,,,,,,,,,,,,,,,,
Positive,self-care+physical pain,6051,,,,,,,,,,,,,,,,,,,,
Positive,self-care+physical pain,6031,,,,,,,,,,,,,,,,,,,,
Positive,self-care+physical pain,6095,,,,,,,,,,,,,,,,,,,,
Positive,self-care+physical pain,tester,,,,,,,,,,,,,,,,,,,,
Positive,self-care+physical pain,6026,,,,,,,,,,,,,,,,,,,,
Positive,self-care+physical pain,6116,,,,,,,,,,,,,,,,,,,,
Positive,self-care+physical pain,6105,,,,,,,,,,,,,,,,,,,,
Positive,self-care+physical pain,6026,,,,,,,,,,,,,,,,,,,,
Positive,self-care+relax,tester,,,,,,,,,,,,,,,,,,,,
Positive,self-care+relax,6027,,,,,,,,,,,,,,,,,,,,
Positive,self-care+relax,6062,,,,,,,,,,,,,,,,,,,,
Positive,self-care+relax,6098,,,,,,,,,,,,,,,,,,,,
Positive,self-care+relax,6105,,,,,,,,,,,,,,,,,,,,
Positive,self-care+relax,6034,,,,,,,,,,,,,,,,,,,,
Positive,self-care+relax,6021,,,,,,,,,,,,,,,,,,,,
Positive,self-care+relax,6021,,,,,,,,,,,,,,,,,,,,
Positive,self-care+relax,6123,,,,,,,,,,,,,,,,,,,,
Positive,self-care+relax,6001,,,,,,,,,,,,,,,,,,,,
Positive,self-care+relax,tester,,,,,,,,,,,,,,,,,,,,
Positive,self-care+relax,tester,,,,,,,,,,,,,,,,,,,,
Positive,self-care+relax,tester,,,,,,,,,,,,,,,,,,,,
Positive,self-care+sleep,6062,,,,,,,,,,,,,,,,,,,,
Positive,self-care+sleep,6110,,,,,,,,,,,,,,,,,,,,
Positive,self-care+sleep,tester,,,,,,,,,,,,,,,,,,,,
Positive,self-care+sleep,6055,,,,,,,,,,,,,,,,,,,,
Positive,self-care+sleep,,,,,,,,,,,,,,,,,,,,,
Positive,self-care+sleep,6021,,,,,,,,,,,,,,,,,,,,
Positive,self-care+sleep,6028,,,,,,,,,,,,,,,,,,,,
Positive,self-care+sleep,6139,,,,,,,,,,,,,,,,,,,,
Positive,self-care+sleep,6050,,,,,,,,,,,,,,,,,,,,
Positive,self-care+sleep,6124,,,,,,,,,,,,,,,,,,,,
Positive,self-care+socialize with friends,tester,,,,,,,,,,,,,,,,,,,,
Positive,self-care+socialize with friends,tester,,,,,,,,,,,,,,,,,,,,
Positive,self-care+socialize with friends,6007,,,,,,,,,,,,,,,,,,,,
Positive,self-care+socialize with friends,6004,,,,,,,,,,,,,,,,,,,,
Positive,self-care+socialize with friends,6011,,,,,,,,,,,,,,,,,,,,
Positive,self-care+socialize with friends,6008,,,,,,,,,,,,,,,,,,,,
Positive,self-care+socialize with friends,6016,,,,,,,,,,,,,,,,,,,,
Positive,self-care+socialize with friends,6016,,,,,,,,,,,,,,,,,,,,
Positive,self-care+socialize with friends,6084,,,,,,,,,,,,,,,,,,,,
Positive,self-care+socialize with friends,tester,,,,,,,,,,,,,,,,,,,,
Positive,self-care+socialize with friends,6023,,,,,,,,,,,,,,,,,,,,
Positive,self-care+socialize with friends,6128,,,,,,,,,,,,,,,,,,,,
Positive,self-care+socialize with friends,6072,,,,,,,,,,,,,,,,,,,,
Positive,self-care+socialize with friends,6027,,,,,,,,,,,,,,,,,,,,
Positive,self-care+socialize with friends,6037,,,,,,,,,,,,,,,,,,,,
Positive,self-care+socialize with friends,6042,,,,,,,,,,,,,,,,,,,,
Positive,self-care+socialize with friends,6020,,,,,,,,,,,,,,,,,,,,
Positive,self-care+socialize with friends,6040,,,,,,,,,,,,,,,,,,,,
Positive,self-care+socialize with friends,6059,,,,,,,,,,,,,,,,,,,,
Positive,self-care+socialize with friends,6018,,,,,,,,,,,,,,,,,,,,
Positive,self-care+socialize with friends,tester,,,,,,,,,,,,,,,,,,,,
Positive,self-care+socialize with friends,tester,,,,,,,,,,,,,,,,,,,,
Positive,self-care+socialize with friends,tester,,,,,,,,,,,,,,,,,,,,
Positive,self-care+socialize with friends,6063,,,,,,,,,,,,,,,,,,,,
Positive,self-care+socialize with friends,6138,,,,,,,,,,,,,,,,,,,,
Positive,self-care+socialize with friends,6026,,,,,,,,,,,,,,,,,,,,
Positive,self-care+socialize with friends,tester,,,,,,,,,,,,,,,,,,,,
Positive,self-care+socialize with friends,6034,,,,,,,,,,,,,,,,,,,,
Positive,self-care+socialize with friends,tester,,,,,,,,,,,,,,,,,,,,
Positive,self-care+socialize with friends,6008,,,,,,,,,,,,,,,,,,,,
Positive,self-care+socialize with friends,6108,,,,,,,,,,,,,,,,,,,,
Positive,self-care+socialize with friends,6109,,,,,,,,,,,,,,,,,,,,
Positive,self-care+socialize with friends,6015,,,,,,,,,,,,,,,,,,,,
Positive,self-care+socialize with friends,tester,,,,,,,,,,,,,,,,,,,,
Positive,self-care+socialize with friends,6099,,,,,,,,,,,,,,,,,,,,
Positive,self-care+socialize with friends,6042,,,,,,,,,,,,,,,,,,,,
Positive,self-care+socialize with friends,6070,,,,,,,,,,,,,,,,,,,,
Positive,self-care+socialize with friends,6023,,,,,,,,,,,,,,,,,,,,
Positive,self-care+socialize with friends,6034,,,,,,,,,,,,,,,,,,,,
Positive,self-care+socialize with friends,6101,,,,,,,,,,,,,,,,,,,,
Positive,self-care+socialize with friends,6018,,,,,,,,,,,,,,,,,,,,
Positive,self-care+socialize with friends,6014,,,,,,,,,,,,,,,,,,,,
Positive,self-care+socialize with friends,6123,,,,,,,,,,,,,,,,,,,,
Positive,self-care+socialize with friends,6018,,,,,,,,,,,,,,,,,,,,
Positive,self-care+socialize with friends,tester,,,,,,,,,,,,,,,,,,,,
Positive,self-care+socialize with friends,6033,,,,,,,,,,,,,,,,,,,,
Positive,self-care+socialize with friends,tester,,,,,,,,,,,,,,,,,,,,
Positive,self-care+socialize with friends,6062,,,,,,,,,,,,,,,,,,,,
Positive,self-care+socialize with friends,6002,,,,,,,,,,,,,,,,,,,,
Positive,self-care+socialize with friends,6045,,,,,,,,,,,,,,,,,,,,
Positive,self-care+socialize with friends,6064,,,,,,,,,,,,,,,,,,,,
Positive,self-care+socialize with friends,6007,,,,,,,,,,,,,,,,,,,,
Positive,self-care+socialize with friends,6026,,,,,,,,,,,,,,,,,,,,
Positive,self-care+socialize with friends,6028,,,,,,,,,,,,,,,,,,,,
Positive,self-care+socialize with friends,6002,,,,,,,,,,,,,,,,,,,,
Positive,self-care+socialize with friends,6012,,,,,,,,,,,,,,,,,,,,
Positive,self-care+socialize with friends,6021,,,,,,,,,,,,,,,,,,,,
Positive,self-care+socialize with friends,tester,,,,,,,,,,,,,,,,,,,,
Positive,self-care+socialize with friends,tester,,,,,,,,,,,,,,,,,,,,
Positive,self-care+socialize with friends,6011,,,,,,,,,,,,,,,,,,,,
Positive,self-care+socialize with friends,tester,,,,,,,,,,,,,,,,,,,,
Positive,self-care+socialize with friends,6052,,,,,,,,,,,,,,,,,,,,
Positive,self-care+socialize with friends,6011,,,,,,,,,,,,,,,,,,,,
Positive,self-care+socialize with friends,tester,,,,,,,,,,,,,,,,,,,,
Positive,self-care+socialize with friends,tester,,,,,,,,,,,,,,,,,,,,
Positive,self-care+socialize with friends,tester,,,,,,,,,,,,,,,,,,,,
Positive,self-care+socialize with friends,6026,,,,,,,,,,,,,,,,,,,,
Positive,self-care+socialize with friends,6101,,,,,,,,,,,,,,,,,,,,
Positive,self-care+socialize with friends,6007,,,,,,,,,,,,,,,,,,,,
Positive,self-care+socialize with friends,6036,,,,,,,,,,,,,,,,,,,,
Positive,self-care+socialize with friends,6129,,,,,,,,,,,,,,,,,,,,
Positive,self-care+socialize with friends,6007,,,,,,,,,,,,,,,,,,,,
Positive,self-care+socialize with friends,6011,,,,,,,,,,,,,,,,,,,,
Positive,self-care+socialize with friends,6023,,,,,,,,,,,,,,,,,,,,
Positive,self-care+socialize with friends,6040,,,,,,,,,,,,,,,,,,,,
Positive,self-care+socialize with friends,6033,,,,,,,,,,,,,,,,,,,,
Positive,self-care+socialize with friends,tester,,,,,,,,,,,,,,,,,,,,
Positive,self-care+socialize with friends,6014,,,,,,,,,,,,,,,,,,,,
Positive,self-care+socialize with friends,6007,,,,,,,,,,,,,,,,,,,,
Positive,self-care+socialize with friends,tester,,,,,,,,,,,,,,,,,,,,
Positive,self-care+socialize with friends,6005,,,,,,,,,,,,,,,,,,,,
Positive,self-care+socialize with friends,tester,,,,,,,,,,,,,,,,,,,,
Positive,self-care+socialize with friends,6131,,,,,,,,,,,,,,,,,,,,
Positive,self-care+socialize with friends,6030,,,,,,,,,,,,,,,,,,,,
Positive,self-care+socialize with friends,6004,,,,,,,,,,,,,,,,,,,,
Positive,self-care+socialize with friends,6008,,,,,,,,,,,,,,,,,,,,
Positive,self-care+socialize with friends,6119,,,,,,,,,,,,,,,,,,,,
Positive,self-care+socialize with friends,tester,,,,,,,,,,,,,,,,,,,,
Positive,self-care+socialize with friends,6007,,,,,,,,,,,,,,,,,,,,
Positive,self-care+socialize with friends,6002,,,,,,,,,,,,,,,,,,,,
Positive,self-care+socialize with friends,6087,,,,,,,,,,,,,,,,,,,,
Positive,self-care+socialize with friends,6031,,,,,,,,,,,,,,,,,,,,
Positive,self-care+socialize with friends,tester,,,,,,,,,,,,,,,,,,,,
Positive,self-care+socialize with friends,tester,,,,,,,,,,,,,,,,,,,,
Positive,self-care+socialize with friends,6049,,,,,,,,,,,,,,,,,,,,
Positive,self-care+socialize with friends,6008,,,,,,,,,,,,,,,,,,,,
Positive,self-care+socialize with friends,6027,,,,,,,,,,,,,,,,,,,,
Positive,self-care+socialize with friends,6004,,,,,,,,,,,,,,,,,,,,
Positive,self-care+socialize with friends,tester,,,,,,,,,,,,,,,,,,,,
Positive,self-care+socialize with friends,tester,,,,,,,,,,,,,,,,,,,,
Positive,self-care+socialize with friends,6007,,,,,,,,,,,,,,,,,,,,
Positive,self-care+socialize with friends,6023,,,,,,,,,,,,,,,,,,,,
Positive,self-care+socialize with friends,6063,,,,,,,,,,,,,,,,,,,,
Positive,self-care+socialize with friends,tester,,,,,,,,,,,,,,,,,,,,
Positive,self-care+socialize with friends,tester,,,,,,,,,,,,,,,,,,,,
Positive,self-care+socialize with friends,6071,,,,,,,,,,,,,,,,,,,,
Positive,self-care+socialize with friends,6049,,,,,,,,,,,,,,,,,,,,
Positive,self-care+socialize with friends,6007,,,,,,,,,,,,,,,,,,,,
Positive,self-care+socialize with friends,6124,,,,,,,,,,,,,,,,,,,,
Positive,self-care+socialize with friends,tester,,,,,,,,,,,,,,,,,,,,
Positive,self-care+socialize with friends,6025,,,,,,,,,,,,,,,,,,,,
Positive,self-care+socialize with friends,6025,, ,,,,,,,,,,,,,,,,,,
Positive,self-care+socialize with friends,6026,,,,,,,,,,,,,,,,,,,,
Positive,self-care+socialize with friends,6023,,,,,,,,,,,,,,,,,,,,
Positive,self-care+socialize with friends,6062,,,,,,,,,,,,,,,,,,,,
Positive,self-care+socialize with friends,6064,,,,,,,,,,,,,,,,,,,,
Positive,self-care+socialize with friends,tester,,,,,,,,,,,,,,,,,,,,
Positive,self-care+socialize with friends,tester,,,,,,,,,,,,,,,,,,,,
Positive,self-care+socialize with friends,6007,,,,,,,,,,,,,,,,,,,,
Positive,self-care+socialize with friends,tester,,,,,,,,,,,,,,,,,,,,
Positive,self-care+socialize with friends,6025,,,,,,,,,,,,,,,,,,,,
Positive,self-care+socialize with friends,6029,,,,,,,,,,,,,,,,,,,,
Positive,self-care+socialize with friends,tester,,,,,,,,,,,,,,,,,,,,
Positive,self-care+socialize with friends,6025,,,,,,,,,,,,,,,,,,,,
Positive,self-care+socialize with friends,tester,,,,,,,,,,,,,,,,,,,,
Positive,self-care+socialize with friends,tester,,,,,,,,,,,,,,,,,,,,
Positive,self-care+socialize with friends,6002,,,,,,,,,,,,,,,,,,,,
Positive,self-care+socialize with friends,6001,,,,,,,,,,,,,,,,,,,,
Positive,self-care+socialize with friends,6132,,,,,,,,,,,,,,,,,,,,
Positive,self-care+socialize with friends,6002,,,,,,,,,,,,,,,,,,,,
Positive,self-care+socialize with friends,6033,,,,,,,,,,,,,,,,,,,,
Positive,self-care+socialize with friends,6010,,,,,,,,,,,,,,,,,,,,
Positive,self-care+socialize with friends,6001,,,,,,,,,,,,,,,,,,,,
Positive,self-care+socialize with friends,6026,,,,,,,,,,,,,,,,,,,,
Positive,self-care+socialize with friends,6032,,,,,,,,,,,,,,,,,,,,
Positive,self-care+socialize with friends,6030,,,,,,,,,,,,,,,,,,,,
Positive,self-care+socialize with friends,tester,,,,,,,,,,,,,,,,,,,,
Positive,self-care+socialize with friends,6026,,,,,,,,,,,,,,,,,,,,
Positive,self-care+socialize with friends,6009,,,,,,,,,,,,,,,,,,,,
Positive,self-care+socialize with friends,6026,,,,,,,,,,,,,,,,,,,,
Positive,self-care+socialize with friends,6013,,,,,,,,,,,,,,,,,,,,
Positive,self-care+socialize with friends,6004,,,,,,,,,,,,,,,,,,,,
Positive,self-care+socialize with friends,tester,,,,,,,,,,,,,,,,,,,,
Positive,self-care+socialize with friends,6029,,,,,,,,,,,,,,,,,,,,
Positive,self-care+socialize with friends,6001,,,,,,,,,,,,,,,,,,,,
Positive,self-care+socialize with friends,tester,,,,,,,,,,,,,,,,,,,,
Positive,self-care+socialize with friends,6026,,,,,,,,,,,,,,,,,,,,
Positive,self-care+socialize with friends,tester,,,,,,,,,,,,,,,,,,,,
Positive,self-care+socialize with friends,6036,,,,,,,,,,,,,,,,,,,,
Positive,self-care+socialize with friends,6059,,,,,,,,,,,,,,,,,,,,
Positive,self-care+socialize with friends,6111,,,,,,,,,,,,,,,,,,,,
Positive,self-care+socialize with friends,tester,,,,,,,,,,,,,,,,,,,,
Positive,self-care+socialize with friends,tester,,,,,,,,,,,,,,,,,,,,
Positive,self-care+socialize with friends,tester,,,,,,,,,,,,,,,,,,,,
Positive,self-care+socialize with friends,tester,,,,,,,,,,,,,,,,,,,,
Positive,self-care+socialize with friends,6050,,,,,,,,,,,,,,,,,,,,
Positive,self-care+socialize with friends,tester,,,,,,,,,,,,,,,,,,,,
Positive,self-care+socialize with friends,tester,,,,,,,,,,,,,,,,,,,,
Positive,self-care+socialize with friends,6001,,,,,,,,,,,,,,,,,,,,
Positive,self-care+socialize with friends,tester,,,,,,,,,,,,,,,,,,,,
Positive,self-care+socialize with friends,6004,,,,,,,,,,,,,,,,,,,,
Positive,self-care+socialize with friends,6093,,,,,,,,,,,,,,,,,,,,
Positive,self-care+socialize with friends,6020,,,,,,,,,,,,,,,,,,,,
Positive,self-care+socialize with friends,6083,,,,,,,,,,,,,,,,,,,,
Positive,self-care+socialize with friends,6011,,,,,,,,,,,,,,,,,,,,
Positive,self-care+socialize with friends,6011,,,,,,,,,,,,,,,,,,,,
Positive,self-care+socialize with friends,6042,,,,,,,,,,,,,,,,,,,,
Positive,self-care+socialize with friends,6016,,,,,,,,,,,,,,,,,,,,
Positive,self-care+socialize with friends,6010,,,,,,,,,,,,,,,,,,,,
Positive,self-care+socialize with friends,tester,,,,,,,,,,,,,,,,,,,,
Positive,self-care+socialize with friends,tester,,,,,,,,,,,,,,,,,,,,
Positive,self-care+socialize with friends,6092,,,,,,,,,,,,,,,,,,,,
Positive,self-care+socialize with friends,6014,,,,,,,,,,,,,,,,,,,,
Positive,self-care+socialize with friends,6002,,,,,,,,,,,,,,,,,,,,
Positive,self-care+socialize with friends,6018,,,,,,,,,,,,,,,,,,,,
Positive,self-care+socialize with friends,tester,,,,,,,,,,,,,,,,,,,,
Positive,self-care+socialize with friends,6131,,,,,,,,,,,,,,,,,,,,
Positive,self-care+socialize with friends,6076,,,,,,,,,,,,,,,,,,,,
Positive,self-care+socialize with friends,6001,,,,,,,,,,,,,,,,,,,,
Positive,self-care+socialize with friends,tester,,,,,,,,,,,,,,,,,,,,
Positive,self-care+socialize with friends,tester,,,,,,,,,,,,,,,,,,,,
Positive,self-care+socialize with friends,tester,,,,,,,,,,,,,,,,,,,,
Positive,self-care+socialize with friends,6007,,,,,,,,,,,,,,,,,,,,
Positive,self-care+socialize with friends,tester,,,,,,,,,,,,,,,,,,,,
Positive,self-care+socialize with friends,6027,,,,,,,,,,,,,,,,,,,,
Positive,self-care+socialize with friends,tester,,,,,,,,,,,,,,,,,,,,
Positive,self-care+socialize with friends,tester,,,,,,,,,,,,,,,,,,,,
Positive,self-care+socialize with friends,6004,,,,,,,,,,,,,,,,,,,,
Positive,self-care+socialize with friends,6014,,,,,,,,,,,,,,,,,,,,
Positive,self-care+socialize with friends,6025,,,,,,,,,,,,,,,,,,,,
Positive,self-care+socialize with friends,6028,,,,,,,,,,,,,,,,,,,,
Positive,self-care+socialize with friends,6010,,,,,,,,,,,,,,,,,,,,
Positive,self-care+socialize with friends,6082,,,,,,,,,,,,,,,,,,,,
Positive,self-care+socialize with friends,6138,,,,,,,,,,,,,,,,,,,,
Positive,self-care+socialize with friends,6016,,,,,,,,,,,,,,,,,,,,
Positive,self-care+socialize with friends,tester,,,,,,,,,,,,,,,,,,,,
Positive,self-care+socialize with friends,6028,,,,,,,,,,,,,,,,,,,,
Positive,self-care+take break,6137,,,,,,,,,,,,,,,,,,,,
Positive,self-care+take break,tester,,,,,,,,,,,,,,,,,,,,
Positive,self-care+take break,tester,,,,,,,,,,,,,,,,,,,,
Positive,self-care+take break,6136,,,,,,,,,,,,,,,,,,,,
Positive,self-care+take break,6032,,,,,,,,,,,,,,,,,,,,
Positive,self-care+take break,tester,,,,,,,,,,,,,,,,,,,,
Positive,self-care+take break,6128,,,,,,,,,,,,,,,,,,,,
Positive,self-care+take break,6094,,,,,,,,,,,,,,,,,,,,
Positive,self-care+take break,6131,,,,,,,,,,,,,,,,,,,,
Positive,self-care+take break,6078,,,,,,,,,,,,,,,,,,,,
Positive,self-care+take break,6030,,,,,,,,,,,,,,,,,,,,
Positive,self-care+take break,6070,,,,,,,,,,,,,,,,,,,,
Positive,self-care+take break,6037,,,,,,,,,,,,,,,,,,,,
Positive,self-care+take break,tester,,,,,,,,,,,,,,,,,,,,
Positive,self-care+take break,6128,,,,,,,,,,,,,,,,,,,,
Positive,self-care+take break,6023,,,,,,,,,,,,,,,,,,,,
Positive,self-care+take break,6015,,,,,,,,,,,,,,,,,,,,
Positive,self-care+take break,6131,,,,,,,,,,,,,,,,,,,,
Positive,spouse+spend time,6027,,,,,,,,,,,,,,,,,,,,
Positive,spouse+spend time,6081,,,,,,,,,,,,,,,,,,,,
Positive,spouse+spend time,6104,,,,,,,,,,,,,,,,,,,,
Positive,spouse+spend time,tester,,,,,,,,,,,,,,,,,,,,
Positive,spouse+spend time,6045,,,,,,,,,,,,,,,,,,,,
Positive,spouse+spend time,6044,,,,,,,,,,,,,,,,,,,,
Positive,spouse+spend time,tester,,,,,,,,,,,,,,,,,,,,
Positive,spouse+spend time,tester,,,,,,,,,,,,,,,,,,,,
Positive,spouse+spend time,6051,,,,,,,,,,,,,,,,,,,,
Positive,spouse+spend time,6109,,,,,,,,,,,,,,,,,,,,
Positive,spouse+spend time,6073,,,,,,,,,,,,,,,,,,,,
Positive,spouse+spend time,6116,,,,,,,,,,,,,,,,,,,,
Positive,spouse+spend time,tester,,,,,,,,,,,,,,,,,,,,
Positive,spouse+spend time,6118,,,,,,,,,,,,,,,,,,,,
Positive,spouse+spend time,6036,,,,,,,,,,,,,,,,,,,,
Positive,spouse+spend time,6002,,,,,,,,,,,,,,,,,,,,
Positive,spouse+spend time,6099,,,,,,,,,,,,,,,,,,,,
Positive,spouse+spend time,6104,,,,,,,,,,,,,,,,,,,,
Positive,spouse+spend time,6049,,,,,,,,,,,,,,,,,,,,
Positive,spouse+spend time,6002,,,,,,,,,,,,,,,,,,,,
Positive,spouse+spend time,6026,,,,,,,,,,,,,,,,,,,,
Positive,work+generic,6098,,,,,,,,,,,,,,,,,,,,
Positive,work+generic,6026,,,,,,,,,,,,,,,,,,,,
Positive,work+generic,6125,,,,,,,,,,,,,,,,,,,,
Positive,work+generic,6005,,,,,,,,,,,,,,,,,,,,
Positive,work+generic,6005,,,,,,,,,,,,,,,,,,,,
Positive,work+generic,6002,,,,,,,,,,,,,,,,,,,,
Positive,work+generic,6033,,,,,,,,,,,,,,,,,,,,
Positive,work+generic,tester,,,,,,,,,,,,,,,,,,,,
Positive,work+generic,6037,,,,,,,,,,,,,,,,,,,,
Positive,work+generic,6114,,,,,,,,,,,,,,,,,,,,
Positive,work+generic,6098,,,,,,,,,,,,,,,,,,,,
Positive,work+generic,6078,,,,,,,,,,,,,,,,,,,,
Positive,work+generic,6020,,,,,,,,,,,,,,,,,,,,
Positive,work+generic,6024,,,,,,,,,,,,,,,,,,,,
Positive,work+generic,6078,,,,,,,,,,,,,,,,,,,,
Positive,work+generic,6025,,,,,,,,,,,,,,,,,,,,
Positive,work+generic,6024,,,,,,,,,,,,,,,,,,,,
Positive,work+generic,6059,,,,,,,,,,,,,,,,,,,,
Positive,work+generic,tester,,,,,,,,,,,,,,,,,,,,
Positive,work+generic,6116,,,,,,,,,,,,,,,,,,,,
Positive,work+generic,6008,,,,,,,,,,,,,,,,,,,,
Positive,work+generic,tester,,,,,,,,,,,,,,,,,,,,
Positive,work+generic,6012,,,,,,,,,,,,,,,,,,,,
Positive,work+generic,6066,,,,,,,,,,,,,,,,,,,,
Positive,work+generic,6034,,,,,,,,,,,,,,,,,,,,
Positive,work+generic,6031,,,,,,,,,,,,,,,,,,,,
Positive,work+generic,6117,,,,,,,,,,,,,,,,,,,,
Positive,work+generic,6117,,,,,,,,,,,,,,,,,,,,
Positive,work+generic,6036,,,,,,,,,,,,,,,,,,,,
Positive,help others,6031,,,,,,,,,,,,,,,,,,,,
Positive,help others,6031,,,,,,,,,,,,,,,,,,,,
Positive,help others,6059,,,,,,,,,,,,,,,,,,,,
Positive,help others,6025,,,,,,,,,,,,,,,,,,,,
Positive,help others,6037,,,,,,,,,,,,,,,,,,,,
Positive,work+interview,6105,,,,,,,,,,,,,,,,,,,,
Positive,work+interview,6105,,,,,,,,,,,,,,,,,,,,
Positive,work+interview,tester,,,,,,,,,,,,,,,,,,,,
Positive,work+interview,6105,,,,,,,,,,,,,,,,,,,,
Positive,work+interview,6105,,,,,,,,,,,,,,,,,,,,
Positive,work+interview,6105,,,,,,,,,,,,,,,,,,,,
Positive,work+interview,6105,,,,,,,,,,,,,,,,,,,,
Positive,work+productive,6030,,,,,,,,,,,,,,,,,,,,
Positive,work+productive,6068,,,,,,,,,,,,,,,,,,,,
Positive,work+productive,6021,,,,,,,,,,,,,,,,,,,,
Positive,work+productive,2083,,,,,,,,,,,,,,,,,,,,
Positive,work+productive,6124,,,,,,,,,,,,,,,,,,,,
Positive,work+productive,6028,,,,,,,,,,,,,,,,,,,,
Positive,work+productive,6064,,,,,,,,,,,,,,,,,,,,
Positive,work+productive,6033,,,,,,,,,,,,,,,,,,,,
Positive,work+productive,6001,,,,,,,,,,,,,,,,,,,,
Positive,work+productive,6057,,,,,,,,,,,,,,,,,,,,
Positive,work+productive,6106,,,,,,,,,,,,,,,,,,,,
Positive,work+productive,6044,,,,,,,,,,,,,,,,,,,,
Positive,work+productive,6083,,,,,,,,,,,,,,,,,,,,
Positive,work+productive,6012,,,,,,,,,,,,,,,,,,,,
Positive,work+productive,6090,,,,,,,,,,,,,,,,,,,,
Positive,work+productive,6036,,,,,,,,,,,,,,,,,,,,
Positive,work+productive,6007,,,,,,,,,,,,,,,,,,,,
Positive,work+productive,6090,,,,,,,,,,,,,,,,,,,,
Positive,work+productive,6026,,,,,,,,,,,,,,,,,,,,
Positive,work+productive,6067,,,,,,,,,,,,,,,,,,,,
Positive,work+productive,6026,,,,,,,,,,,,,,,,,,,,
Positive,work+productive,6060,,,,,,,,,,,,,,,,,,,,
Positive,work+productive,6057,,,,,,,,,,,,,,,,,,,,
Positive,work+productive,Tester,,,,,,,,,,,,,,,,,,,,
Positive,work+productive,Tester,,,,,,,,,,,,,,,,,,,,
Positive,work+productive,tester,,,,,,,,,,,,,,,,,,,,
Positive,work+productive,6070,,,,,,,,,,,,,,,,,,,,
Positive,work+productive,6106,,,,,,,,,,,,,,,,,,,,
Positive,work+productive,6105,,,,,,,,,,,,,,,,,,,,
Positive,work+productive,6082,,,,,,,,,,,,,,,,,,,,
Positive,work+productive,6014,,,,,,,,,,,,,,,,,,,,
Positive,work+productive,6031,,,,,,,,,,,,,,,,,,,,
Positive,work+productive,6007,,,,,,,,,,,,,,,,,,,,
Positive,work+productive,6070,,,,,,,,,,,,,,,,,,,,
Positive,work+productive,6010,,,,,,,,,,,,,,,,,,,,
Positive,work+productive,6049,,,,,,,,,,,,,,,,,,,,
Positive,work+productive,6121,,,,,,,,,,,,,,,,,,,,
Positive,work+productive,6074,,,,,,,,,,,,,,,,,,,,
Positive,work+productive,6001,,,,,,,,,,,,,,,,,,,,
Positive,work+productive,Tester,,,,,,,,,,,,,,,,,,,,
Positive,work+productive,6122,,,,,,,,,,,,,,,,,,,,
Positive,work+productive,6074,,,,,,,,,,,,,,,,,,,,
Positive,work+productive,6111,,,,,,,,,,,,,,,,,,,,
Positive,work+productive,Tester,,,,,,,,,,,,,,,,,,,,
Positive,work+productive,6026,,,,,,,,,,,,,,,,,,,,
Positive,work+productive,6059,,,,,,,,,,,,,,,,,,,,
Positive,work+productive,6021,,,,,,,,,,,,,,,,,,,,
Positive,work+productive,Tester,,,,,,,,,,,,,,,,,,,,
Positive,work+productive,6114,,,,,,,,,,,,,,,,,,,,
Positive,self-care+mental health,6123,,,,,,,,,,,,,,,,,,,,
Positive,self-care+mental health,6007,,,,,,,,,,,,,,,,,,,,
END,,,,,,,,,,,,,,,,,,,,,,
,,,,,,,,,,,,,,,,,,,,,,
,,,,,,,,,,,,,,,,,,,,,,
,,,,,,,,,,,,,,,,,,,,,,
,,,,,,,,,,,,,,,,,,,,,,
,,,,,,,,,,,,,,,,,,,,,,
,,,,,,,,,,,,,,,,,,,,,,
,,,,,,,,,,,,,,,,,,,,,,
,,,,,,,,,,,,,,,,,,,,,,
,,,,,,,,,,,,,,,,,,,,,,
,,,,,,,,,,,,,,,,,,,,,,
,,,,,,,,,,,,,,,,,,,,,,
,,,,,,,,,,,,,,,,,,,,,,
,,,,,,,,,,,,,,,,,,,,,,
,,,,,,,,,,,,,,,,,,,,,,
,,,,,,,,,,,,,,,,,,,,,,
,,,,,,,,,,,,,,,,,,,,,,
,,,,,,,,,,,,,,,,,,,,,,
,,,,,,,,,,,,,,,,,,,,,,
,,,,,,,,,,,,,,,,,,,,,,
,,,,,,,,,,,,,,,,,,,,,,
,,,,,,,,,,,,,,,,,,,,,,
,,,,,,,,,,,,,,,,,,,,,,
,,,,,,,,,,,,,,,,,,,,,,
,,,,,,,,,,,,,,,,,,,,,,
,,,,,,,,,,,,,,,,,,,,,,
,,,,,,,,,,,,,,,,,,,,,,
,,,,,,,,,,,,,,,,,,,,,,
,,,,,,,,,,,,,,,,,,,,,,
,,,,,,,,,,,,,,,,,,,,,,
,,,,,,,,,,,,,,,,,,,,,,
,,,,,,,,,,,,,,,,,,,,,,
,,,,,,,,,,,,,,,,,,,,,,
,,,,,,,,,,,,,,,,,,,,,,
,,,,,,,,,,,,,,,,,,,,,,
,,,,,,,,,,,,,,,,,,,,,,
,,,,,,,,,,,,,,,,,,,,,,
,,,,,,,,,,,,,,,,,,,,,,
,,,,,,,,,,,,,,,,,,,,,,
,,,,,,,,,,,,,,,,,,,,,,
,,,,,,,,,,,,,,,,,,,,,,
,,,,,,,,,,,,,,,,,,,,,,
,,,,,,,,,,,,,,,,,,,,,,
,,,,,,,,,,,,,,,,,,,,,,
,,,,,,,,,,,,,,,,,,,,,,
,,,,,,,,,,,,,,,,,,,,,,
,,,,,,,,,,,,,,,,,,,,,,
,,,,,,,,,,,,,,,,,,,,,,
,,,,,,,,,,,,,,,,,,,,,,
,,,,,,,,,,,,,,,,,,,,,,
,,,,,,,,,,,,,,,,,,,,,,
,,,,,,,,,,,,,,,,,,,,,,
,,,,,,,,,,,,,,,,,,,,,,
,,,,,,,,,,,,,,,,,,,,,,
,,,,,,,,,,,,,,,,,,,,,,
,,,,,,,,,,,,,,,,,,,,,,
,,,,,,,,,,,,,,,,,,,,,,
,,,,,,,,,,,,,,,,,,,,,,
,,,,,,,,,,,,,,,,,,,,,,
,,,,,,,,,,,,,,,,,,,,,,
,,,,,,,,,,,,,,,,,,,,,,
,,,,,,,,,,,,,,,,,,,,,,
,,,,,,,,,,,,,,,,,,,,,,
,,,,,,,,,,,,,,,,,,,,,,
,,,,,,,,,,,,,,,,,,,,,,
,,,,,,,,,,,,,,,,,,,,,,
,,,,,,,,,,,,,,,,,,,,,,
,,,,,,,,,,,,,,,,,,,,,,
,,,,,,,,,,,,,,,,,,,,,,
,,,,,,,,,,,,,,,,,,,,,,
,,,,,,,,,,,,,,,,,,,,,,
,,,,,,,,,,,,,,,,,,,,,,
,,,,,,,,,,,,,,,,,,,,,,
,,,,,,,,,,,,,,,,,,,,,,
,,,,,,,,,,,,,,,,,,,,,,
,,,,,,,,,,,,,,,,,,,,,,
,,,,,,,,,,,,,,,,,,,,,,
,,,,,,,,,,,,,,,,,,,,,,
,,,,,,,,,,,,,,,,,,,,,,
,,,,,,,,,,,,,,,,,,,,,,
,,,,,,,,,,,,,,,,,,,,,,
,,,,,,,,,,,,,,,,,,,,,,
,,,,,,,,,,,,,,,,,,,,,,
,,,,,,,,,,,,,,,,,,,,,,
,,,,,,,,,,,,,,,,,,,,,,
,,,,,,,,,,,,,,,,,,,,,,
,,,,,,,,,,,,,,,,,,,,,,
,,,,,,,,,,,,,,,,,,,,,,
,,,,,,,,,,,,,,,,,,,,,,
,,,,,,,,,,,,,,,,,,,,,,
,,,,,,,,,,,,,,,,,,,,,,
,,,,,,,,,,,,,,,,,,,,,,
,,,,,,,,,,,,,,,,,,,,,,
,,,,,,,,,,,,,,,,,,,,,,
,,,,,,,,,,,,,,,,,,,,,,
,,,,,,,,,,,,,,,,,,,,,,
,,,,,,,,,,,,,,,,,,,,,,
,,,,,,,,,,,,,,,,,,,,,,
,,,,,,,,,,,,,,,,,,,,,,
,,,,,,,,,,,,,,,,,,,,,,
,,,,,,,,,,,,,,,,,,,,,,
,,,,,,,,,,,,,,,,,,,,,,
,,,,,,,,,,,,,,,,,,,,,,
,,,,,,,,,,,,,,,,,,,,,,
,,,,,,,,,,,,,,,,,,,,,,
,,,,,,,,,,,,,,,,,,,,,,
,,,,,,,,,,,,,,,,,,,,,,
,,,,,,,,,,,,,,,,,,,,,,
,,,,,,,,,,,,,,,,,,,,,,
,,,,,,,,,,,,,,,,,,,,,,
,,,,,,,,,,,,,,,,,,,,,,
,,,,,,,,,,,,,,,,,,,,,,
,,,,,,,,,,,,,,,,,,,,,,
,,,,,,,,,,,,,,,,,,,,,,
,,,,,,,,,,,,,,,,,,,,,,
,,,,,,,,,,,,,,,,,,,,,,
,,,,,,,,,,,,,,,,,,,,,,
,,,,,,,,,,,,,,,,,,,,,,
,,,,,,,,,,,,,,,,,,,,,,
,,,,,,,,,,,,,,,,,,,,,,
,,,,,,,,,,,,,,,,,,,,,,
,,,,,,,,,,,,,,,,,,,,,,
,,,,,,,,,,,,,,,,,,,,,,
,,,,,,,,,,,,,,,,,,,,,,
,,,,,,,,,,,,,,,,,,,,,,
,,,,,,,,,,,,,,,,,,,,,,
,,,,,,,,,,,,,,,,,,,,,,
,,,,,,,,,,,,,,,,,,,,,,
,,,,,,,,,,,,,,,,,,,,,,
,,,,,,,,,,,,,,,,,,,,,,
,,,,,,,,,,,,,,,,,,,,,,
,,,,,,,,,,,,,,,,,,,,,,
,,,,,,,,,,,,,,,,,,,,,,
,,,,,,,,,,,,,,,,,,,,,,
,,,,,,,,,,,,,,,,,,,,,,
,,,,,,,,,,,,,,,,,,,,,,
,,,,,,,,,,,,,,,,,,,,,,
,,,,,,,,,,,,,,,,,,,,,,
,,,,,,,,,,,,,,,,,,,,,,
,,,,,,,,,,,,,,,,,,,,,,
,,,,,,,,,,,,,,,,,,,,,,
,,,,,,,,,,,,,,,,,,,,,,
,,,,,,,,,,,,,,,,,,,,,,
,,,,,,,,,,,,,,,,,,,,,,
,,,,,,,,,,,,,,,,,,,,,,
,,,,,,,,,,,,,,,,,,,,,,
,,,,,,,,,,,,,,,,,,,,,,
,,,,,,,,,,,,,,,,,,,,,,
,,,,,,,,,,,,,,,,,,,,,,
,,,,,,,,,,,,,,,,,,,,,,
,,,,,,,,,,,,,,,,,,,,,,
,,,,,,,,,,,,,,,,,,,,,,
,,,,,,,,,,,,,,,,,,,,,,
,,,,,,,,,,,,,,,,,,,,,,
,,,,,,,,,,,,,,,,,,,,,,
,,,,,,,,,,,,,,,,,,,,,,
,,,,,,,,,,,,,,,,,,,,,,
,,,,,,,,,,,,,,,,,,,,,,
,,,,,,,,,,,,,,,,,,,,,,
,,,,,,,,,,,,,,,,,,,,,,
,,,,,,,,,,,,,,,,,,,,,,
,,,,,,,,,,,,,,,,,,,,,,
,,,,,,,,,,,,,,,,,,,,,,
,,,,,,,,,,,,,,,,,,,,,,
,,,,,,,,,,,,,,,,,,,,,,
,,,,,,,,,,,,,,,,,,,,,,
,,,,,,,,,,,,,,,,,,,,,,
,,,,,,,,,,,,,,,,,,,,,,
,,,,,,,,,,,,,,,,,,,,,,
,,,,,,,,,,,,,,,,,,,,,,
,,,,,,,,,,,,,,,,,,,,,,
,,,,,,,,,,,,,,,,,,,,,,
,,,,,,,,,,,,,,,,,,,,,,
,,,,,,,,,,,,,,,,,,,,,,
,,,,,,,,,,,,,,,,,,,,,,
,,,,,,,,,,,,,,,,,,,,,,
,,,,,,,,,,,,,,,,,,,,,,
,,,,,,,,,,,,,,,,,,,,,,
,,,,,,,,,,,,,,,,,,,,,,
,,,,,,,,,,,,,,,,,,,,,,
,,,,,,,,,,,,,,,,,,,,,,
,,,,,,,,,,,,,,,,,,,,,,
,,,,,,,,,,,,,,,,,,,,,,
,,,,,,,,,,,,,,,,,,,,,,
,,,,,,,,,,,,,,,,,,,,,,
,,,,,,,,,,,,,,,,,,,,,,
,,,,,,,,,,,,,,,,,,,,,,
,,,,,,,,,,,,,,,,,,,,,,
,,,,,,,,,,,,,,,,,,,,,,
,,,,,,,,,,,,,,,,,,,,,,
,,,,,,,,,,,,,,,,,,,,,,
,,,,,,,,,,,,,,,,,,,,,,
,,,,,,,,,,,,,,,,,,,,,,
,,,,,,,,,,,,,,,,,,,,,,
,,,,,,,,,,,,,,,,,,,,,,
,,,,,,,,,,,,,,,,,,,,,,
,,,,,,,,,,,,,,,,,,,,,,
,,,,,,,,,,,,,,,,,,,,,,
,,,,,,,,,,,,,,,,,,,,,,
,,,,,,,,,,,,,,,,,,,,,,
